2023 Florida Occupational Employment and Wages,,,,,,,,,,
Miami-Fort Lauderdale-West Palm Beach,,,,,,,,,,
,,,,,,,,,,
,,,2023 Hourly Wage,,,,,,,
Occupational,Occupational,2023,(wage estimates expressed in dollars),,,,,,,
Code,Title,Employment,Mean,Median,Entry*,Exp**,P10,P25,P75,P90
00-0000,Total all occupations,"2,721,490",30.47,22.36,14.67,38.37,13.6,16.51,35.17,53.66
13-2011,Accountants and Auditors,"28,910",42.24,38.33,25.85,50.44,23.59,29.71,49.33,64.57
27-2011,Actors,630,50.15,21.27,13.98,68.23,11,14.96,77.04,NR
15-2011,Actuaries,300,61.78,59.93,35.33,75.01,36.86,38.32,78.3,97.22
29-1291,Acupuncturists,NR,36.68,34.55,30.42,39.81,26.67,34.55,36.11,47.02
51-9191,Adhesive Bonding Machine Operators and Tenders,60,14.16,12.56,11.96,15.26,11.65,12.29,13.7,20.49
23-1021,"Administrative Law Judges, Adjudicators, and Hearing Officers",160,60.32,55.5,36.91,72.02,35.4,42.43,83.44,93.75
11-3012,Administrative Services Managers,"3,460",52.8,46.67,26.78,65.81,23.52,32.52,66.36,86.42
25-3011,"Adult Basic Education, Adult Secondary Education, and English as a Second Language Instructors","1,880",28.83,29.11,24.73,30.89,24.61,24.61,29.11,38.17
11-2011,Advertising and Promotions Managers,390,67.42,64.41,38.75,81.75,35.23,45.85,81.41,98.02
41-3011,Advertising Sales Agents,"2,440",33.49,28.67,19.92,40.27,18.85,22.11,38.61,59.92
17-3021,Aerospace Engineering and Operations Technologists and Technicians,530,35.68,32.38,25.49,40.78,23.11,29.57,39.04,56.19
17-2011,Aerospace Engineers,750,58.75,52.97,40.86,67.7,39.9,46.81,66.66,82.71
13-1011,"Agents and Business Managers of Artists, Performers, and Athletes",180,41.19,24.39,21.39,51.09,21.9,22.99,60.36,79.39
17-2021,Agricultural Engineers,NR,49.01,43.66,31.74,57.64,26.81,41.99,54.2,74.27
45-2091,Agricultural Equipment Operators,350,18.78,16.64,14.34,21,13.9,15.58,20.48,32.74
45-2011,Agricultural Inspectors,170,18.57,17.28,14.12,20.8,13.96,14.43,21.41,21.41
45-2099,"Agricultural Workers, All Other",80,18.53,15.2,11,22.3,11,11,22.89,35.64
53-2021,Air Traffic Controllers,830,66.43,70.61,41.46,78.92,33.93,48.56,82.76,91.43
53-1041,Aircraft Cargo Handling Supervisors,630,30.47,31.65,22.59,34.41,22,24.77,34.94,38.07
49-3011,Aircraft Mechanics and Service Technicians,"6,020",33.49,31.1,21.11,39.68,18.43,23.56,39.88,50.25
53-6032,Aircraft Service Attendants,"1,470",19.81,18.25,16.78,21.32,16.72,17.24,21.08,23.86
51-2011,"Aircraft Structure, Surfaces, Rigging, and Systems Assemblers",360,24.36,25.25,18.82,27.13,17.9,20.29,27.12,29.55
53-2022,Airfield Operations Specialists,NR,41.05,31.12,19.21,51.97,19.14,19.74,51.5,84.25
53-2011,"Airline Pilots, Copilots, and Flight Engineers","4,380","312,872*",NR,"142,141*",NR,"118,802*","199,392*",NR,NR
39-3091,Amusement and Recreation Attendants,"7,520",14.49,13.57,11.73,15.86,11.32,12.4,16.54,17.79
39-2021,Animal Caretakers,"4,460",17.45,14.69,13.29,19.53,13.23,14.02,17.64,23.47
33-9011,Animal Control Workers,60,28.8,25.18,20.92,32.74,17.43,23.45,30.79,40.88
19-1011,Animal Scientists,20,65.29,58.59,46.09,74.89,38.24,58.59,80.14,88.57
39-2011,Animal Trainers,580,23.03,18.79,13.96,27.56,12.79,14.75,29.03,37.64
19-3091,Anthropologists and Archeologists,130,25.2,23.71,19.13,28.23,19.22,19.22,30.15,38.9
23-1022,"Arbitrators, Mediators, and Conciliators",NR,30.26,25.86,18.33,36.22,18.48,18.48,40.82,49.79
17-1011,"Architects, Except Landscape and Naval","1,600",41.87,38.03,24.74,50.43,19.56,31.03,49.36,64.65
17-3011,Architectural and Civil Drafters,"2,380",29.95,29.16,18.82,35.52,12.74,22.89,35.8,46.14
11-9041,Architectural and Engineering Managers,"1,570",81.72,79.22,55.95,94.61,50.19,63.38,96.88,109.88
17-0000,Architecture and Engineering Occupations,"25,170",43.41,39.02,24.49,52.87,21.52,29.49,51.6,67.32
25-1031,"Architecture Teachers, Postsecondary",NR,"117,317*","107,640*","52,538*","149,706*","38,549*","63,728*","135,555*","223,510*"
25-4011,Archivists,30,26.49,25.37,17.72,30.87,15.53,19.6,31.16,40.11
27-1011,Art Directors,930,47.67,44.24,27.6,57.71,23.08,33.34,53.35,79.98
25-1121,"Art, Drama, and Music Teachers, Postsecondary",960,"94,316*","82,202*","52,171*","115,388*","48,784*","63,650*","104,023*","164,398*"
27-1019,"Artists and Related Workers, All Other",80,34.1,25.44,15.29,43.51,11.88,19.44,53.74,60.55
27-0000,"Arts, Design, Entertainment, Sports, and Media Occupations","40,000",31.63,26.95,16.59,39.15,14.87,18.86,37.25,50.92
27-2021,Athletes and Sports Competitors,NR,"147,182*","81,343*","41,316*","200,115*","38,389*","46,387*","137,524*",NR
29-9091,Athletic Trainers,360,"59,121*","57,931*","44,259*","66,551*","41,853*","49,397*","66,846*","70,477*"
19-2021,Atmospheric and Space Scientists,140,52.16,50.45,34.89,60.8,35.05,42.04,66.12,77.51
25-1051,"Atmospheric, Earth, Marine, and Space Sciences Teachers, Postsecondary",160,"72,837*","62,688*","54,075*","82,218*","55,514*","55,792*","83,567*","106,192*"
27-4011,Audio and Video Technicians,"1,550",26.39,23.94,16.98,31.1,15.7,18.2,30.36,38.8
29-1181,Audiologists,130,42.29,39.47,24.63,51.12,22.05,29.43,57.16,57.16
49-2097,Audiovisual Equipment Installers and Repairers,NR,18.92,19.79,14.16,21.3,14.16,14.16,22.2,24.9
53-6031,Automotive and Watercraft Service Attendants,"1,160",17.24,16.23,14.54,18.59,14.53,14.83,17.82,21.24
49-3021,Automotive Body and Related Repairers,"2,040",25.61,22.92,18.03,29.4,16.57,21.46,27.98,36.82
49-3022,Automotive Glass Installers and Repairers,470,23.35,23.76,15.76,27.15,13.41,18.4,26.14,31
49-3023,Automotive Service Technicians and Mechanics,"11,960",24.91,22.71,15.45,29.64,14.34,17.66,30.06,37.72
49-2091,Avionics Technicians,660,35.5,37.34,25.5,40.5,24.46,28.24,40.81,47.71
39-6011,Baggage Porters and Bellhops,"1,850",16.17,16.02,12.6,17.96,11.88,13.33,18.28,19.95
33-3011,Bailiffs,280,34.79,35.27,24.11,40.14,20.05,29.3,39.46,48.96
51-3011,Bakers,"4,290",16.39,15.01,13.15,18.02,12.84,13.95,17.84,20.69
39-5011,Barbers,NR,18.94,16.61,13.41,21.71,11.25,14.69,23.34,27.84
35-3011,Bartenders,"14,410",18.88,14.41,11.63,22.51,11.27,11.7,21.94,31.91
49-3091,Bicycle Repairers,NR,20.39,20.11,17.62,21.77,17.85,17.85,22.43,22.54
43-3011,Bill and Account Collectors,"4,190",22.21,19.72,17.44,24.6,17,18.39,23.52,28.08
43-3021,Billing and Posting Clerks,"7,880",22.15,21.54,17.71,24.37,17.29,18.71,23.9,28.52
19-1021,Biochemists and Biophysicists,150,40.46,39.18,23.79,48.8,20.27,27.18,43.58,62.39
17-2031,Bioengineers and Biomedical Engineers,140,51.97,52.9,38.24,58.83,35.4,44.06,61.03,65.75
25-1042,"Biological Science Teachers, Postsecondary",650,"102,652*","85,437*","58,710*","124,623*","60,297*","61,835*","117,560*","153,633*"
19-1029,"Biological Scientists, All Other","1,310",25.81,17.13,14.13,31.65,13.5,14.77,40.12,52.33
19-4021,Biological Technicians,760,22.34,19.42,15.39,25.81,13.9,17.74,25.88,34.91
43-3031,"Bookkeeping, Accounting, and Auditing Clerks","33,650",23.37,22.46,16.51,26.81,15.29,18.37,26.9,31.78
47-2021,Brickmasons and Blockmasons,900,23.77,23.46,18.59,26.36,17.64,20.11,27.35,29.08
53-6011,Bridge and Lock Tenders,360,16.17,13.94,12.94,17.79,12.28,13.45,17.82,24.21
27-3011,Broadcast Announcers and Radio Disc Jockeys,420,33.92,22.97,14.12,43.82,13.49,15.99,31.71,62.16
27-4012,Broadcast Technicians,430,33.09,30.93,17.46,40.91,13.2,20.46,40.04,53.04
43-4011,Brokerage Clerks,"1,180",29.98,28.87,21.28,34.33,19.39,24.06,31.38,38.5
13-2031,Budget Analysts,"1,100",45.35,40.2,27.54,54.26,24.91,30.74,52.99,65.59
37-0000,Building and Grounds Cleaning and Maintenance Occupations,"89,640",17.04,16.06,13.01,19.05,12.42,13.86,18.23,22.44
49-3031,Bus and Truck Mechanics and Diesel Engine Specialists,"2,720",28.54,28.35,20.16,32.73,18.55,22.77,34.6,38.66
53-3051,"Bus Drivers, School","2,710",17.9,17.68,15.29,19.21,14.09,17.45,17.84,21.91
53-3052,"Bus Drivers, Transit and Intercity","2,250",22.6,19.26,17.02,25.39,16.84,18.17,29.51,29.95
13-0000,Business and Financial Operations Occupations,"194,910",42.55,37.39,23.06,52.3,20.69,27.3,49.67,65.43
13-1199,"Business Operations Specialists, All Other","17,390",42.88,37.3,21.43,53.61,19.14,24.21,50.71,68.08
25-1011,"Business Teachers, Postsecondary","1,050","104,646*","80,732*","55,714*","129,112*","50,193*","63,089*","137,944*","176,979*"
51-3021,Butchers and Meat Cutters,"2,970",18.24,18.23,12.81,20.95,12,13.96,21.41,22.81
13-1020,Buyers and Purchasing Agents,"7,810",34.54,32.87,21.41,41.11,19.7,24.31,39.24,51.9
51-7011,Cabinetmakers and Bench Carpenters,910,22.05,20.56,16.55,24.81,15.92,18.08,25.87,30.66
17-3028,Calibration Technologists and Technicians,70,30.64,29.58,21.36,35.28,19.61,23.62,37.73,43.56
27-4031,"Camera Operators, Television, Video, and Film",540,30.99,25.18,15.77,38.6,14.86,18.28,38.3,52.62
53-5021,"Captains, Mates, and Pilots of Water Vessels",NR,38.59,36.56,17.63,49.08,13.59,21.89,51.57,64.45
29-1212,Cardiologists,300,225.25,NR,151.38,NR,94.33,NR,NR,NR
29-2031,Cardiovascular Technologists and Technicians,"1,170",29.02,22.33,17.17,34.94,16.85,18.22,39.59,45.65
25-2023,"Career/Technical Education Teachers, Middle School",270,"61,450*","58,606*","50,797*","66,777*","51,186*","51,716*","62,610*","79,965*"
25-1194,"Career/Technical Education Teachers, Postsecondary","2,370",30,29.72,20.3,34.84,18.4,23.08,39.16,39.95
25-2032,"Career/Technical Education Teachers, Secondary School","1,780","66,634*","60,355*","54,863*","72,519*","51,118*","60,355*","75,009*","79,049*"
43-5011,Cargo and Freight Agents,"4,510",26.55,23.82,18,30.83,16.99,19.95,31.8,41.31
47-2031,Carpenters,"12,520",24.32,23.31,18.58,27.19,17.78,20,27.29,31.18
47-2041,Carpet Installers,NR,23.37,23.3,17.24,26.43,16.61,17.18,27.26,31.38
17-1021,Cartographers and Photogrammetrists,80,36.5,36.58,24.66,42.42,24.04,26.32,44.76,49.21
41-2011,Cashiers,"56,110",14.09,13.61,12.22,15.02,11.8,12.88,14.4,16.95
47-2051,Cement Masons and Concrete Finishers,"3,560",23.7,22.95,18.02,26.54,17.78,18.9,26,30
35-1011,Chefs and Head Cooks,"5,600",30.35,28.22,19.08,35.99,16.89,22.18,35.84,46.85
17-2041,Chemical Engineers,40,53.63,55.37,38.99,60.95,38.78,40.48,63.04,70.67
51-9011,Chemical Equipment Operators and Tenders,830,23.75,18.56,16.49,27.38,15.77,17.42,24.19,30.77
19-4031,Chemical Technicians,500,23.99,21.53,17.84,27.06,18.37,18.92,27.86,35.34
25-1052,"Chemistry Teachers, Postsecondary",150,"97,002*","63,321*","49,222*","120,892*","44,661*","58,397*","111,824*","176,380*"
19-2031,Chemists,510,40.98,40.94,24.62,49.16,21.38,29.79,48.51,60.9
11-1011,Chief Executives,"5,400",118.43,99.06,43.44,155.93,34.62,54.92,NR,NR
21-1021,"Child, Family, and School Social Workers","4,460",24.69,23.68,18.06,28,17.52,20.04,27.63,31.45
39-9011,Childcare Workers,"9,120",15.94,15.04,12.66,17.58,11.56,13.45,16.79,18.71
29-1011,Chiropractors,"1,120",35.8,29.25,24.83,41.28,25,25,39.02,44.71
17-3022,Civil Engineering Technologists and Technicians,440,30.68,30.22,21.39,35.32,19.28,23.91,35.01,46.61
17-2051,Civil Engineers,"5,000",48.73,41.22,28.9,58.65,26.61,35.78,61.97,80.59
13-1031,"Claims Adjusters, Examiners, and Investigators","6,440",35.43,32,22.94,41.68,21.16,24.52,42.43,49.99
53-7061,Cleaners of Vehicles and Equipment,"6,280",15.92,14.81,12.81,17.48,12.64,13.55,17.56,20.46
21-2011,Clergy,"1,140",30.09,26.25,17.79,36.24,17.31,20.06,35.22,50.46
19-3033,Clinical and Counseling Psychologists,NR,44.67,42.63,21.92,56.04,18.79,24.51,59.91,79.03
29-2010,Clinical Laboratory Technologists and Technicians,"6,960",29.91,31.53,17.97,35.88,17.09,19.75,37.68,41.68
27-2022,Coaches and Scouts,"2,630","67,445*","48,366*","30,061*","86,136*","27,151*","34,364*","71,329*","114,935*"
51-9124,"Coating, Painting, and Spraying Machine Setters, Operators, and Tenders","1,460",22.72,20.35,15.66,26.24,12.99,17.87,24.69,31.58
49-9091,"Coin, Vending, and Amusement Machine Servicers and Repairers",840,22.63,23.4,16.44,25.73,14.34,18.87,27.14,27.42
27-1021,Commercial and Industrial Designers,830,33.22,31.19,22.15,38.75,20.44,28.5,37.43,51
49-9092,Commercial Divers,120,28.43,25.69,22.22,31.53,22.8,22.8,32.92,38.51
53-2012,Commercial Pilots,"3,200","150,141*","145,396*","82,326*","184,049*","73,582*","101,678*","179,570*",NR
25-1122,"Communications Teachers, Postsecondary",NR,"92,429*","82,752*","51,778*","112,755*","51,470*","61,056*","105,780*","175,008*"
21-0000,Community and Social Service Occupations,"35,670",26.36,24.25,17.73,30.67,16.85,19.66,30.02,38.63
21-1099,"Community and Social Service Specialists, All Other","1,110",26.86,23.66,16.38,32.1,15.9,18.38,29.69,42.19
21-1094,Community Health Workers,710,22.17,19.05,14.42,26.05,13.5,15.9,28.22,34.51
11-3111,Compensation and Benefits Managers,270,61.91,54.94,39.04,73.34,37.18,43.62,75.65,96.18
13-1141,"Compensation, Benefits, and Job Analysis Specialists","2,090",35.84,30.78,23.32,42.11,21.78,26.7,44.08,51.94
13-1041,Compliance Officers,"13,690",38.7,39.25,24.39,45.85,22.44,29.26,48.94,56.4
15-1221,Computer and Information Research Scientists,140,66.59,57.93,41.97,78.9,38.07,44.44,95.23,98.87
11-3021,Computer and Information Systems Managers,"7,310",80.83,76.74,51.54,95.48,46.67,60.87,91.71,NR
15-0000,Computer and Mathematical Occupations,"68,660",49.04,45.28,26.21,60.45,22.94,30.99,63.16,78.94
17-2061,Computer Hardware Engineers,310,58.2,51.46,35.2,69.69,27.82,40.24,76.71,87.36
15-1241,Computer Network Architects,"1,590",60.94,60.66,38.46,72.18,34.39,45.4,74.56,84.23
15-1231,Computer Network Support Specialists,"2,430",38.86,35.93,25.57,45.51,25.04,28.16,45.61,56.62
51-9161,Computer Numerically Controlled Tool Operators,"1,050",23.61,22.01,17.69,26.56,17.05,19.03,27.6,28.97
51-9162,Computer Numerically Controlled Tool Programmers,170,31.04,30.35,20.67,36.22,18.22,22.88,37.03,46.42
15-1299,"Computer Occupations, All Other","3,520",49.82,48.31,24.46,62.5,21.59,30.09,65.25,80.23
15-1251,Computer Programmers,"1,010",59.51,48.94,28.49,75.03,23.36,32.94,68.87,114.14
25-1021,"Computer Science Teachers, Postsecondary",480,"92,870*","81,523*","55,229*","111,690*","51,356*","64,379*","102,105*","145,806*"
15-1211,Computer Systems Analysts,"7,260",53.1,48.53,31.21,64.05,28.27,36.76,62.29,81.2
15-1232,Computer User Support Specialists,"12,680",28.85,26.42,19.23,33.67,18.23,21.07,34.06,43.25
49-2011,"Computer, Automated Teller, and Office Machine Repairers","2,010",21.62,19.1,16.1,24.38,14.79,17.78,24.22,30.27
39-6012,Concierges,"1,200",19.1,18.5,15.16,21.06,14.79,16.34,19.18,26.38
19-1031,Conservation Scientists,110,33.19,30.76,20.18,39.7,17.11,23.23,42.43,53.74
47-4011,Construction and Building Inspectors,"3,130",35.04,34,23.21,40.96,22,26.33,42.65,49.12
47-0000,Construction and Extraction Occupations,"103,120",27.01,23.64,17.64,31.69,17.33,19.07,29.73,39.55
47-2061,Construction Laborers,"14,050",20.22,18.79,15.43,22.62,14.31,17.54,22.55,25.06
11-9021,Construction Managers,"6,520",59.07,50.95,37.96,69.62,35.08,45.39,65.24,85.43
47-5041,Continuous Mining Machine Operators,30,21.78,22.19,14.9,25.22,14.15,17,23.97,32.31
49-9012,"Control and Valve Installers and Repairers, Except Mechanical Door",350,28.49,23.9,18.22,33.63,15.67,22.2,30.7,48.66
53-7011,Conveyor Operators and Tenders,260,18.26,17.16,16.88,18.95,16.95,17.14,17.44,22.86
35-2019,"Cooks, All Other",280,18.52,17.86,16.06,19.75,15.99,16.98,20.29,22.63
35-2011,"Cooks, Fast Food","7,790",13.81,12.76,11.9,14.76,11.78,12.28,14.67,17.24
35-2012,"Cooks, Institution and Cafeteria","5,260",17.07,16.6,13.66,18.78,13.83,14,18.49,21.43
35-2014,"Cooks, Restaurant","35,210",17.49,17.11,13.96,19.26,13.8,15.06,19.13,21.9
35-2015,"Cooks, Short Order","3,420",15.14,15.36,11.87,16.77,11.52,11.52,17.92,18.39
33-3012,Correctional Officers and Jailers,"2,850",33.15,25.01,17.89,40.79,18.62,18.62,44.68,67.7
13-1051,Cost Estimators,"3,360",36.46,33.54,21.52,43.94,18.68,25.43,44.77,58.56
39-3092,Costume Attendants,20,26.58,18.61,15.79,31.97,13.89,17.2,28.27,36.15
21-1019,"Counselors, All Other",NR,20.97,20.19,19.68,21.62,20.19,20.19,20.19,22.47
41-2021,Counter and Rental Clerks,"9,070",19.41,17.52,13.93,22.16,13.56,14.7,21.37,27.56
43-5021,Couriers and Messengers,"2,120",17.7,17.43,14.56,19.27,13.66,15.46,18.42,21.75
27-3092,Court Reporters and Simultaneous Captioners,330,27.18,22.17,16.1,32.72,13.97,18.53,33.21,43.03
43-4031,"Court, Municipal, and License Clerks","2,590",25.47,22.6,18.03,29.18,18.48,18.68,30.19,39.99
27-1012,Craft Artists,NR,20.65,17.59,14.67,23.64,12.57,17.05,25.33,28.91
53-7021,Crane and Tower Operators,660,32.67,34.28,22.03,37.99,18.79,26.17,37.75,41.04
13-2041,Credit Analysts,"1,000",42.81,37.75,25.23,51.6,22.61,29.62,50.48,71.3
43-4041,"Credit Authorizers, Checkers, and Clerks",150,22.24,22.74,16.66,25.03,16.18,18.67,25.6,28.13
13-2071,Credit Counselors,480,25.12,23.76,20.33,27.51,18.58,22.22,24.34,32.27
39-4012,Crematory Operators,150,20.51,18.3,16.69,22.42,16.53,17.42,25.39,27.12
25-1111,"Criminal Justice and Law Enforcement Teachers, Postsecondary",200,"67,704*","64,463*","50,223*","76,445*","50,974*","51,886*","77,389*","82,059*"
33-9091,Crossing Guards and Flaggers,"2,360",16.47,16.61,13.63,17.88,12.69,15.16,17.11,18.45
51-9021,"Crushing, Grinding, and Polishing Machine Setters, Operators, and Tenders",170,23.08,21.81,15.42,26.91,14.38,16.14,24.56,31.53
25-4012,Curators,230,28.69,25.28,19.16,33.45,17.31,21.35,31.9,39.57
43-4051,Customer Service Representatives,"67,420",19.8,18.22,14.91,22.25,14.5,15.8,21.83,27.6
51-9031,"Cutters and Trimmers, Hand",60,17.66,17.38,15.65,18.67,15.03,17.02,18.52,20.61
51-9032,"Cutting and Slicing Machine Setters, Operators, and Tenders",400,19.79,18.91,15.55,21.91,14.2,16.93,21.57,23.94
51-4031,"Cutting, Punching, and Press Machine Setters, Operators, and Tenders, Metal and Plastic",560,19.24,18.43,14.9,21.4,14.41,16.37,22,23.74
43-9021,Data Entry Keyers,"4,380",18.89,18.26,15.35,20.67,14.4,16.61,19.56,23.12
15-2051,Data Scientists,"2,090",50.53,44.97,29.86,60.87,26.52,34.84,60.81,79.75
15-1242,Database Administrators,"1,100",53.84,49.25,30.1,65.71,28.07,34.88,64.88,78.65
15-1243,Database Architects,520,59.55,60.1,33.09,72.78,29.03,36.51,78.22,88.06
41-9011,Demonstrators and Product Promoters,640,24,20.73,17.1,27.45,16.43,19.01,29.08,35.87
31-9091,Dental Assistants,"8,830",21.96,23.06,17.55,24.17,18,18.58,23.91,27.54
29-1292,Dental Hygienists,"3,100",38.86,37.74,34.52,41.04,31.72,37.64,39.92,46.52
51-9081,Dental Laboratory Technicians,800,26.65,23.57,17.35,31.3,16.53,17.9,29.41,39.33
29-1029,"Dentists, All Other Specialists",40,96.61,106.38,60.41,114.71,29.43,94.94,112.28,NR
29-1021,"Dentists, General","2,220",81.22,81.21,46.09,98.79,48.56,48.92,86.53,NR
27-1029,"Designers, All Other",60,17.72,13.18,12.8,20.18,12.68,13,20,27.1
43-9031,Desktop Publishers,NR,25.34,25.71,17.53,29.25,16.94,18.01,34.75,37.58
33-3021,Detectives and Criminal Investigators,"2,190",50.84,52.08,28.67,61.93,24.74,33.59,68.41,77.79
29-2032,Diagnostic Medical Sonographers,"1,680",38.16,38.22,30.93,41.78,30.31,33.8,42.72,47.61
29-2051,Dietetic Technicians,360,17.2,15.78,13.98,18.8,13.4,14.96,19.19,22.79
29-1031,Dietitians and Nutritionists,"1,290",34.11,34.27,25.6,38.36,23.49,29.49,38.03,43.26
35-9011,Dining Room and Cafeteria Attendants and Bartender Helpers,"12,790",15.52,14.2,11.59,17.48,11.35,12.08,16.91,21.58
21-2021,"Directors, Religious Activities and Education",260,27.43,23.47,17.96,32.17,17.4,19.25,38.37,39.15
35-9021,Dishwashers,"11,610",13.95,13.78,11.97,14.94,11.59,12.9,14.73,16.59
43-5032,"Dispatchers, Except Police, Fire, and Ambulance","4,020",22.34,19.47,15.72,25.66,14.91,17.23,24.22,31.95
17-3019,"Drafters, All Other",250,28.71,29.14,20.06,33.03,18.35,22.86,31.92,40.74
51-4032,"Drilling and Boring Machine Tool Setters, Operators, and Tenders, Metal and Plastic",10,35.3,43.29,18.74,43.58,16.09,22.98,47.35,47.35
53-3031,Driver/Sales Workers,"7,810",17.59,17.34,11.28,20.75,11,11.38,21.52,27.03
47-2081,Drywall and Ceiling Tile Installers,770,21.76,22.93,15.31,24.98,14.3,17.2,24.98,28.37
47-5023,"Earth Drillers, Except Oil and Gas",240,27.03,23.61,22.93,29.09,22.91,23.54,28.22,38.72
25-1063,"Economics Teachers, Postsecondary",110,"79,799*","59,757*","52,438*","93,479*","52,684*","52,952*","88,108*","132,299*"
19-3011,Economists,100,61.43,54.97,26.45,78.92,14.75,32.68,77.43,NR
27-3041,Editors,"1,240",34.11,28.94,17.85,42.24,14.75,21.63,40.09,62.93
11-9032,"Education Administrators, Kindergarten through Secondary","3,650","102,432*","102,751*","69,975*","118,661*","62,897*","80,275*","123,889*","131,563*"
11-9033,"Education Administrators, Postsecondary","2,560",55.66,48.23,32.36,67.31,30.87,38.49,64.31,98.61
11-9031,"Education and Childcare Administrators, Preschool and Daycare","1,330",31.17,26.23,17.83,37.84,16.71,18.71,30.88,44.01
25-1081,"Education Teachers, Postsecondary",510,"80,267*","65,197*","47,063*","96,869*","46,822*","53,361*","101,384*","124,808*"
25-0000,Educational Instruction and Library Occupations,"116,500",27.69,24.98,16.85,33.1,14.32,19.06,30.57,39.46
25-9099,"Educational Instruction and Library Workers, All Other",NR,17.27,15.5,15.19,18.31,15.17,15.5,15.5,23.17
21-1012,"Educational, Guidance, and Career Counselors and Advisors","5,950",28.7,28.08,20.43,32.83,19.23,23.42,33.71,38.63
49-2092,"Electric Motor, Power Tool, and Related Repairers",320,23.67,23,18.12,26.44,17.25,19.44,28.09,30.97
17-3023,Electrical and Electronic Engineering Technologists and Technicians,750,32.55,30.81,22.44,37.6,21.79,25.14,39.51,45.74
17-3012,Electrical and Electronics Drafters,150,32.23,29.73,23.34,36.68,22.67,24.96,39.01,46
49-2093,"Electrical and Electronics Installers and Repairers, Transportation Equipment",90,29.32,30.27,21.71,33.12,20.22,23.12,35.39,35.4
49-2094,"Electrical and Electronics Repairers, Commercial and Industrial Equipment",970,28.43,28.14,20.2,32.54,18.67,22.53,33.65,36.66
49-2095,"Electrical and Electronics Repairers, Powerhouse, Substation, and Relay",260,31.36,26.01,23.07,35.5,21.23,26,37.2,50.04
17-2071,Electrical Engineers,"1,360",51.05,48.74,32.58,60.28,29.52,38.99,63.69,77.48
49-9051,Electrical Power-Line Installers and Repairers,"1,680",38,39.51,22.95,45.52,18.77,28.29,49.72,50.54
51-2028,"Electrical, electronic, and electromechanical assemblers, except coil winders, tapers, and finishers","1,260",19.97,18.81,15.09,22.41,14.56,16.14,22.69,27.16
47-2111,Electricians,"12,400",26.46,24.84,19.89,29.74,18.75,22.32,29.3,34.31
49-2096,"Electronic Equipment Installers and Repairers, Motor Vehicles",80,22.69,21.85,19.78,24.15,18.93,20.84,22.82,29.28
17-2072,"Electronics Engineers, Except Computer",850,58.45,56.67,40.95,67.2,39.95,46.51,64.73,85.45
25-2021,"Elementary School Teachers, Except Special Education","19,790","56,921*","51,984*","46,959*","61,902*","47,214*","51,223*","61,768*","77,423*"
47-4021,Elevator and Escalator Installers and Repairers,810,43.11,48.58,28.81,50.26,25.79,33.22,51.26,58.01
43-4061,"Eligibility Interviewers, Government Programs","1,440",18.04,14.93,13.2,20.45,13,13.24,21.83,28.25
39-4011,Embalmers,70,26.33,22.92,21.35,28.83,22.09,22.35,27.89,35.62
11-9161,Emergency Management Directors,170,58.04,57.46,32.62,70.75,25.49,38.37,67.29,81.05
29-2042,Emergency Medical Technicians,"1,300",21.11,18.82,15.48,23.92,15.02,16.54,23.07,31.32
29-1214,Emergency Medicine Physicians,690,NR,NR,142.24,NR,NR,NR,NR,NR
51-2031,Engine and Other Machine Assemblers,160,22.91,20.48,18.89,24.92,17.84,20.43,26.34,27.08
25-1032,"Engineering Teachers, Postsecondary",280,"102,063*","86,592*","54,892*","125,649*","56,081*","56,366*","123,269*","172,457*"
17-3029,"Engineering Technologists and Technicians, Except Drafters, All Other",340,29.57,26.29,18.87,34.92,17.77,20.44,36.3,45.99
17-2199,"Engineers, All Other","1,220",44.15,41.81,25.28,53.58,22.85,28.36,51.57,73.1
25-1123,"English Language and Literature Teachers, Postsecondary",900,"75,910*","67,967*","48,659*","89,536*","49,987*","51,025*","82,568*","106,274*"
27-2099,"Entertainers and Performers, Sports and Related Workers, All Other",NR,22.36,17.93,11.89,27.6,11.74,12.22,21.06,50.24
11-9072,"Entertainment and Recreation Managers, Except Gambling",900,40.01,32.23,24.17,47.93,24,25.26,50.37,64.52
17-3025,Environmental Engineering Technologists and Technicians,NR,27.05,24.88,18.22,31.47,18.15,18.54,29.81,40.19
17-2081,Environmental Engineers,270,43.34,39.76,22.57,53.73,17.18,22.66,56.16,76.09
19-4042,"Environmental Science and Protection Technicians, Including Health",490,23.3,21.58,14.97,27.46,14.04,14.8,29.18,33.25
25-1053,"Environmental Science Teachers, Postsecondary",20,"81,267*","80,447*","59,391*","92,206*","55,501*","61,804*","96,983*","96,983*"
19-2041,"Environmental Scientists and Specialists, Including Health",970,38.52,31.6,19.84,47.85,18.05,22.47,45.93,77.07
19-1041,Epidemiologists,80,42.19,45.84,27.9,49.34,24,31.33,51.09,54.07
51-9194,Etchers and Engravers,110,15.54,15.88,11.63,17.5,11.02,11.02,17.58,20
47-5022,"Excavating and Loading Machine and Dragline Operators, Surface Mining",420,25.51,24.18,20.17,28.18,18.72,21.83,28.7,33.72
43-6011,Executive Secretaries and Executive Administrative Assistants,"6,190",33.48,31.33,22.07,39.18,19.38,24.91,38.83,48.22
29-1128,Exercise Physiologists,100,25.72,26.09,21.13,28.01,20.37,22.05,27.56,31.38
39-9031,Exercise Trainers and Group Fitness Instructors,"4,550",21.23,18.43,11.53,26.08,11,11.65,26.03,40.45
51-4021,"Extruding and Drawing Machine Setters, Operators, and Tenders, Metal and Plastic",420,19.8,18.44,16.12,21.64,15.04,17.66,22.66,23.83
51-9041,"Extruding, Forming, Pressing, and Compacting Machine Setters, Operators, and Tenders",170,20.32,21.28,15.88,22.54,14,18.09,22.3,24.07
51-6092,Fabric and Apparel Patternmakers,20,31.29,39.7,20.06,36.91,20,21.47,40.68,40.69
11-3013,Facilities Managers,NR,55.58,50.67,31.21,67.76,28.38,37.32,78.68,78.68
29-1215,Family Medicine Physicians,NR,112.59,106.62,60.18,138.79,52.85,82.13,NR,NR
25-9021,Farm and Home Management Educators,200,25.75,22.6,17.39,29.93,18.14,18.7,27.54,38.49
49-3041,Farm Equipment Mechanics and Service Technicians,270,21.39,19.63,14.87,24.65,15.17,15.33,24.24,31.82
11-9013,"Farmers, Ranchers, and Other Agricultural Managers",90,45.75,41.3,25.04,56.1,21.84,29.77,61.58,72.93
45-0000,"Farming, Fishing, and Forestry Occupations","6,710",16.04,14.18,12.31,17.91,11.69,13.18,16.63,21.97
45-2092,"Farmworkers and Laborers, Crop, Nursery, and Greenhouse","4,790",14.26,13.47,12.1,15.34,11.69,12.9,15.29,17.02
45-2093,"Farmworkers, Farm, Ranch, and Aquacultural Animals",320,21.26,19.26,15.33,24.23,14.24,16.74,26.89,32.44
27-1022,Fashion Designers,230,30.87,29.69,19.58,36.52,18.66,21.61,37.26,44.58
35-3023,Fast Food and Counter Workers,"52,550",14.01,13.62,12.04,14.99,11.39,12.9,14.61,16.82
47-4031,Fence Erectors,NR,24.13,22.69,16.16,28.11,15.34,17.91,30.04,38.28
51-2051,Fiberglass Laminators and Fabricators,650,19.43,18.93,15.9,21.2,15.06,16.19,21.89,23.6
43-4071,File Clerks,"2,050",21.54,18.88,13.88,25.38,11.55,15.86,24.24,34.83
27-4032,Film and Video Editors,590,34.03,32.48,22.23,39.93,23.07,24.58,41.41,49.01
13-2051,Financial and Investment Analysts,"4,930",51.92,42.73,30.45,62.66,28.79,35.15,54.09,94.23
43-3099,"Financial Clerks, All Other",900,NR,NR,NR,NR,NR,NR,NR,NR
13-2061,Financial Examiners,"1,020",42.95,39.92,24.3,52.28,22.83,26.24,52.12,67.88
11-3031,Financial Managers,"12,590",81.84,70.01,45.03,100.24,39.89,52.55,97.88,NR
13-2054,Financial Risk Specialists,"1,050",55.59,50.2,29.94,68.41,27.92,34.74,64.62,94.23
13-2099,"Financial Specialists, All Other","2,120",34.07,29.26,18.63,41.79,18.18,18.87,38.06,55.5
27-1013,"Fine Artists, Including Painters, Sculptors, and Illustrators",NR,27.28,21.03,18.62,31.6,18.68,21.03,30.38,50.83
33-2021,Fire Inspectors and Investigators,"1,790",66.11,67.93,46.98,75.67,44.36,53.83,77.84,77.84
33-2011,Firefighters,"5,640",39.38,35.21,25.78,46.18,24.24,30.16,41.98,53.4
47-1011,First-Line Supervisors of Construction Trades and Extraction Workers,"14,900",36.13,31.7,24.01,42.19,22.09,28.64,40.14,50.9
33-1011,First-Line Supervisors of Correctional Officers,"1,150",38.83,32.83,20.52,47.98,20.24,20.83,49.55,52.94
39-1014,"First-Line Supervisors of Entertainment and Recreation Workers, Except Gambling Services","1,610",27.01,23.98,17.05,31.99,16.52,18.62,32.65,40.3
45-1011,"First-Line Supervisors of Farming, Fishing, and Forestry Workers",430,29.45,29.9,18.63,34.86,17.35,20.22,36.77,42.57
33-1021,First-Line Supervisors of Firefighting and Prevention Workers,"2,930",57.32,53.68,40.49,65.73,39.63,44.29,64.9,85.44
35-1012,First-Line Supervisors of Food Preparation and Serving Workers,"22,150",21.98,19.56,15.3,25.32,14.55,16.41,25.1,32.03
39-1013,First-Line Supervisors of Gambling Services Workers,470,29.47,28.26,19.71,34.36,19.72,21.45,32.31,38.35
37-1011,First-Line Supervisors of Housekeeping and Janitorial Workers,"4,220",23.51,20.71,16.32,27.11,15.9,17.37,27.76,33.41
37-1012,"First-Line Supervisors of Landscaping, Lawn Service, and Groundskeeping Workers","3,120",27.05,23.3,18.96,31.1,17.77,20.2,30.53,39.9
49-1011,"First-Line Supervisors of Mechanics, Installers, and Repairers","11,100",35.58,32.53,23.44,41.64,22.55,26,41.32,52.02
41-1012,First-Line Supervisors of Non-Retail Sales Workers,"6,520",49.13,42.35,24.76,61.31,21.92,29.49,59.8,84.75
43-1011,First-Line Supervisors of Office and Administrative Support Workers,"29,930",32.77,29.9,21.08,38.62,19.24,23.51,38.26,48.07
39-1022,First-Line Supervisors of Personal Service Workers,"1,670",26.65,23.17,17.03,31.45,15.67,18.49,29.43,39.75
33-1012,First-Line Supervisors of Police and Detectives,"3,020",60.03,55.3,39.74,70.17,36.74,46.97,68.59,88.22
51-1011,First-Line Supervisors of Production and Operating Workers,"6,070",31.8,28.9,20.42,37.5,18.67,23.22,38.14,48.41
33-1099,"First-Line Supervisors of Protective Service Workers, All Other",770,30.05,30.2,18.36,35.89,14.09,22.83,34.13,40.62
41-1011,First-Line Supervisors of Retail Sales Workers,"20,880",25.91,23.03,16.74,30.5,15.16,18.38,29.39,37.68
33-1091,First-Line Supervisors of Security Workers,"1,630",27.65,23.74,18.36,32.3,17.8,20.14,31.07,41.44
53-1047,"First-Line Supervisors of Transportation and Material-Moving Workers, Except Aircraft Cargo Handling Supervisors","10,540",29.41,27.37,19.16,34.53,17.89,21.71,35.77,43.17
33-3031,Fish and Game Wardens,80,18.48,16.22,13.51,20.96,13,14.31,23.19,28.17
53-2031,Flight Attendants,"8,920","75,860*","74,406*","49,159*","89,210*","39,675*","66,240*","85,313*","114,612*"
27-1023,Floral Designers,940,16.22,15.37,13.54,17.56,13,14.44,16.9,22.07
51-3092,Food Batchmakers,"1,520",15.13,14.99,11.32,17.04,11.18,11.26,16.64,21.5
35-0000,Food Preparation and Serving Related Occupations,"261,940",16.96,14.77,12.23,19.32,11.46,13.13,18.09,23.02
35-9099,"Food Preparation and Serving Related Workers, All Other",750,15.42,14.22,12.68,16.79,11.59,13.7,16.86,18.6
35-2021,Food Preparation Workers,"19,810",16.01,15.36,13.32,17.35,13.05,14.06,17.46,19.43
51-3099,"Food Processing Workers, All Other",290,16.15,16.32,12.61,17.92,12.62,13.05,17.89,20.39
19-4013,Food Science Technicians,100,23.48,21.85,18,26.22,17.57,18.93,24.49,31.18
19-1012,Food Scientists and Technologists,70,41.82,39.66,23.22,51.13,24.29,25.3,60.38,60.39
35-3041,"Food Servers, Nonrestaurant","3,690",15.72,15.04,12.67,17.25,11.9,13.53,17.11,18.88
11-9051,Food Service Managers,"5,530",39.02,35.49,25.31,45.88,23.81,29.16,41.49,61.02
25-1124,"Foreign Language and Literature Teachers, Postsecondary",260,"78,467*","79,196*","48,947*","93,228*","46,440*","52,568*","94,049*","108,370*"
19-4092,Forensic Science Technicians,510,39.22,32.88,23.76,46.95,23.41,26.62,51.47,67.77
19-4071,Forest and Conservation Technicians,20,24.16,24.93,17.48,27.5,17.26,17.44,28.25,30.9
33-2022,Forest Fire Inspectors and Prevention Specialists,20,30.44,22.79,19.02,36.14,17.77,20.83,41.15,49.04
19-1032,Foresters,NR,36.45,32.05,25.03,42.16,23.94,24.06,46.88,49.76
51-4022,"Forging Machine Setters, Operators, and Tenders, Metal and Plastic",90,15.6,15.34,12.01,17.39,12.28,12.3,18.39,19.86
13-1131,Fundraisers,"1,370",36.69,31.35,21.13,44.47,19.59,24.2,45.03,55.23
11-2033,Fundraising Managers,260,65.93,57.69,35.39,81.21,30.81,40.94,77.21,107.45
39-4021,Funeral Attendants,450,16.52,16.37,13.1,18.23,13.2,13.81,17.14,21.7
11-9171,Funeral Home Managers,210,40.03,33.45,24.95,47.57,22.39,29.17,47.51,61.4
51-7021,Furniture Finishers,350,23.52,24.75,17.56,26.5,15.9,19.04,27.59,31.9
39-3012,Gambling and Sports Book Writers and Runners,70,15.23,13.87,11.92,16.88,11.56,12.34,16.26,19.02
43-3041,Gambling Cage Workers,210,17.77,18.95,14.19,19.57,14.32,14.64,20.77,22.11
41-2012,Gambling Change Persons and Booth Cashiers,390,15.94,14.76,11.45,18.18,11,11.79,17.55,20.41
39-3011,Gambling Dealers,"1,980",20.15,18.03,11.83,24.31,11.35,12.43,19.44,37.68
11-9071,Gambling Managers,80,55.86,43.61,29.29,69.14,28.51,32.34,56.89,84.74
39-3019,"Gambling Service Workers, All Other",190,17.4,17.97,12.64,19.78,11.59,14.26,18.23,22.73
33-9031,Gambling Surveillance Officers and Gambling Investigators,150,18.53,17.03,15.11,20.25,15.23,15.56,20.09,24.84
51-8092,Gas Plant Operators,110,32.5,34.32,25.72,35.89,23.58,30.57,34.92,35
11-1021,General and Operations Managers,"62,290",66.99,49.33,26.2,87.38,22.78,31.43,78.89,NR
29-1216,General Internal Medicine Physicians,NR,117.57,105.71,80.41,136.15,62.77,98.57,NR,NR
29-9092,Genetic Counselors,40,48.13,51.48,36.46,53.96,27.11,42.45,52.73,62.99
19-2042,"Geoscientists, Except Hydrologists and Geographers",110,55.5,53.27,33.52,66.48,27.21,41.75,75.16,79.16
47-2121,Glaziers,"1,310",22.07,22.55,15.7,25.25,14.18,17.67,25,29.6
45-2041,"Graders and Sorters, Agricultural Products",430,14.11,13.9,12.17,15.09,11.83,13.14,14.3,17.92
27-1024,Graphic Designers,"4,180",29.91,27.09,19.51,35.11,18.16,21.82,34.32,49.07
51-9022,"Grinding and Polishing Workers, Hand",210,18.07,17.27,14.68,19.77,14.46,14.96,19.3,23.48
51-4033,"Grinding, Lapping, Polishing, and Buffing Machine Tool Setters, Operators, and Tenders, Metal and Plastic",250,19.3,18.65,16.08,20.91,15.27,17.22,20.87,23.03
37-3019,"Grounds Maintenance Workers, All Other",NR,18.81,18.89,15.11,20.66,14.5,15.4,18.89,20.84
39-5012,"Hairdressers, Hairstylists, and Cosmetologists","4,830",18.55,15.9,11.85,21.89,11.2,12.96,22.58,29.54
47-4041,Hazardous Materials Removal Workers,420,22.34,22.68,16.82,25.11,16.81,18.38,24.82,30.18
17-2111,"Health and Safety Engineers, Except Mining Safety Engineers and Inspectors",280,46.3,45.1,32.95,52.98,30,38.99,52.44,61.81
21-1091,Health Education Specialists,710,28.81,24.39,17.69,34.38,17.09,19.03,34.18,49.95
29-9021,Health Information Technologists and Medical Registrars,890,34.61,29.92,20.97,41.44,19.35,24.26,42.65,51.4
25-1071,"Health Specialties Teachers, Postsecondary","3,810","93,973*","86,800*","60,396*","110,761*","51,135*","75,184*","108,086*","135,509*"
29-2099,"Health Technologists and Technicians, All Other",NR,23.12,20.44,17.24,26.06,16.63,17.85,25.55,33.55
29-0000,Healthcare Practitioners and Technical Occupations,"174,870",48.08,38.51,22.61,60.82,18.65,27.36,50.72,80.7
29-9099,"Healthcare Practitioners and Technical Workers, All Other","1,630",34.48,34.14,28.51,37.46,24.53,34.14,34.14,39.26
21-1022,Healthcare Social Workers,"2,840",31.68,30.48,22.11,36.47,20.78,24.9,37.31,40.5
31-0000,Healthcare Support Occupations,"85,250",18.96,17.81,14.33,21.27,13.93,15.25,21.31,24.33
31-9099,"Healthcare Support Workers, All Other","1,370",21.62,19.59,16.24,24.31,15.42,17.59,23.92,29.26
29-2092,Hearing Aid Specialists,NR,24.06,22.59,16.66,27.76,16.56,16.56,28.45,36.19
51-4191,"Heat Treating Equipment Setters, Operators, and Tenders, Metal and Plastic",30,24.37,25.3,15.03,29.04,12.61,18.39,31.18,38.65
49-9021,"Heating, Air Conditioning, and Refrigeration Mechanics and Installers","9,540",26.75,24.72,19.13,30.56,17.19,22.64,30.45,36.94
53-3032,Heavy and Tractor-Trailer Truck Drivers,"24,980",26.22,23.87,19.55,29.55,18.48,21.88,29.62,36.31
47-3011,"Helpers--Brickmasons, Blockmasons, Stonemasons, and Tile and Marble Setters",250,20.67,21.35,15.68,23.17,15.43,17.25,24.97,24.97
47-3012,Helpers--Carpenters,810,21.54,18.39,16.12,24.26,15.13,17.54,23.18,37.13
47-3013,Helpers--Electricians,"1,800",19.47,18.49,16.56,20.93,15.32,17.74,21.71,25.79
49-9098,"Helpers--Installation, Maintenance, and Repair Workers","1,720",17.99,17.84,14.68,19.65,14.71,15.32,19.47,21.85
47-3015,"Helpers--Pipelayers, Plumbers, Pipefitters, and Steamfitters",860,19.38,18.43,16.46,20.84,15.9,17.77,20.93,23.59
51-9198,Helpers--Production Workers,"1,740",16.94,16.61,13.54,18.64,13.26,14.21,18.8,21.61
47-3016,Helpers--Roofers,210,19.56,18.86,17.57,20.56,18.01,18.68,20.1,22.78
47-3019,"Helpers, Construction Trades, All Other",800,18.41,17.97,12.7,21.27,11,14.75,22.49,25.04
47-4051,Highway Maintenance Workers,280,20.29,18.99,15.7,22.59,15,17.16,23.57,27.09
25-1125,"History Teachers, Postsecondary",120,"70,660*","50,374*","49,444*","81,268*","49,887*","50,119*","82,651*","112,853*"
49-9031,Home Appliance Repairers,"1,180",22.87,22.96,16.39,26.11,15.7,18.44,25.95,29.53
31-1120,Home Health and Personal Care Aides,"22,560",15.02,15.08,12.34,16.36,11.53,13.33,16.2,17.68
35-9031,"Hosts and Hostesses, Restaurant, Lounge, and Coffee Shop","12,540",15.09,14.03,12.09,16.59,11.26,13.3,16.18,18.35
43-4081,"Hotel, Motel, and Resort Desk Clerks","5,580",15.81,15.55,13.56,16.93,13.62,14.3,16.91,18.18
43-4161,"Human Resources Assistants, Except Payroll and Timekeeping",NR,22.22,21.94,17.16,24.76,16.27,18.61,23.7,28.93
11-3121,Human Resources Managers,"3,060",66.26,60.59,39.5,79.65,37.29,45.68,80.88,104.1
13-1071,Human Resources Specialists,"19,050",33.82,29.35,21.54,39.97,20.68,23.55,39.52,51.65
19-4044,Hydrologic Technicians,40,28.74,25.51,22.09,32.06,21.52,22.24,30.23,40.12
19-2043,Hydrologists,60,37.29,33.55,25.09,43.38,23.16,27.08,40.12,63.81
17-3026,Industrial Engineering Technologists and Technicians,390,32.18,31.01,22.63,36.95,19.79,25.75,38.13,44.91
17-2112,Industrial Engineers,"2,790",51.26,48.62,34.32,59.73,31.31,39.13,62.94,76.72
49-9041,Industrial Machinery Mechanics,"3,310",29.17,27.72,20.86,33.32,19.19,22.85,32.21,39.92
11-3051,Industrial Production Managers,NR,57.52,53.88,31.53,70.51,26.19,39.64,69.62,85.32
53-7051,Industrial Truck and Tractor Operators,"7,040",21.71,19.57,16.5,24.31,16.1,17.75,23.94,31.06
43-4199,"Information and Record Clerks, All Other","2,790",22.19,19.58,16.59,24.98,15.83,18.37,24.39,30.3
15-1212,Information Security Analysts,"2,280",55.91,52.21,34.82,66.45,31.26,40.63,65.9,80.62
51-9061,"Inspectors, Testers, Sorters, Samplers, and Weighers","4,710",23.55,20.77,15.28,27.69,14.32,16.92,27.96,38.51
49-0000,"Installation, Maintenance, and Repair Occupations","112,080",26.28,23.51,16.82,31.01,15.63,18.46,30.49,39.82
49-9099,"Installation, Maintenance, and Repair Workers, All Other","3,810",21.37,19.05,16.06,24.03,15.08,17.58,23.25,29.19
25-9031,Instructional Coordinators,"3,560",29.21,28.34,19.87,33.88,18.45,22.95,37.22,39.59
47-2131,"Insulation Workers, Floor, Ceiling, and Wall",390,22.74,22.26,17.28,25.47,18.04,18.15,23.94,28.44
47-2132,"Insulation Workers, Mechanical",190,22.97,23.83,18.72,25.09,17.1,19.19,23.93,27.6
43-9041,Insurance Claims and Policy Processing Clerks,"4,020",24.48,22.87,18.14,27.65,17.99,19.45,27.11,32.29
41-3021,Insurance Sales Agents,"12,360",39.99,25.05,18.5,50.73,16.59,22.03,38.57,80.99
13-2053,Insurance Underwriters,"1,500",37.06,35.22,26.01,42.59,24.05,30.01,40.25,51.23
27-1025,Interior Designers,"2,670",32.43,29.06,20.35,38.47,18.39,22.85,37.07,46.71
27-3091,Interpreters and Translators,630,29.89,28.43,16.85,36.4,14.35,19.39,38.03,48.53
43-4111,"Interviewers, Except Eligibility and Loan","2,010",20.4,18.89,15.04,23.08,13.81,16.72,23.58,29.32
37-2011,"Janitors and Cleaners, Except Maids and Housekeeping Cleaners","38,840",15.18,14.14,12.24,16.64,11.55,13.1,17.07,19.01
51-9071,Jewelers and Precious Stone and Metal Workers,560,23.04,25.53,13.07,28.03,11.18,14.97,29.03,29.09
23-1023,"Judges, Magistrate Judges, and Magistrates",380,66.88,79.57,41.07,79.79,13.91,75.18,79.57,79.57
23-1012,Judicial Law Clerks,430,28.72,22.67,18.39,33.89,18.58,19.91,23.88,52.54
25-2012,"Kindergarten Teachers, Except Special Education","2,470","53,895*","51,829*","42,261*","59,711*","40,120*","51,079*","55,923*","76,245*"
13-1075,Labor Relations Specialists,540,46.5,46.28,25.58,56.95,23.19,30.16,62.99,63.57
53-7062,"Laborers and Freight, Stock, and Material Movers, Hand","44,190",17.94,17.18,14.04,19.89,13.56,14.93,18.9,22.88
17-1012,Landscape Architects,600,42.97,38.12,28.15,50.38,28.9,29.89,47.65,64.85
37-3011,Landscaping and Groundskeeping Workers,"20,490",17.75,17.16,14.56,19.34,14.27,15.16,18.31,22.13
51-4034,"Lathe and Turning Machine Tool Setters, Operators, and Tenders, Metal and Plastic",80,22.14,24.33,16.56,24.93,14.57,18.84,26.22,28.79
51-6011,Laundry and Dry-Cleaning Workers,"4,620",14.22,13.67,12.04,15.31,11.61,12.75,16.05,17.15
25-1112,"Law Teachers, Postsecondary",740,"143,893*","126,274*","50,649*","190,515*","31,874*","65,156*","216,587*",NR
23-1011,Lawyers,"28,220",74.43,62.39,33.87,94.71,28.01,40.11,89.74,NR
23-0000,Legal Occupations,"43,770",59.5,45.27,25.43,76.54,22.08,29.95,75.06,NR
43-6012,Legal Secretaries and Administrative Assistants,"6,520",26.62,22.49,18.48,30.7,18.27,18.75,30.2,37.48
23-2099,"Legal Support Workers, All Other",840,29.01,22,14.99,36.02,14.44,16.34,31.09,70.27
11-1031,Legislators,220,"64,187*","42,995*","26,723*","82,918*","23,801*","29,886*","79,911*","124,486*"
25-4022,Librarians and Media Collections Specialists,"1,540",35.21,30.92,23.53,41.05,23.46,25.39,39.75,51.94
43-4121,"Library Assistants, Clerical",460,17.43,17.54,14.5,18.89,14.43,15.43,18.12,20.39
25-1082,"Library Science Teachers, Postsecondary",NR,"80,638*","80,520*","58,662*","91,626*","49,499*","65,007*","87,700*","105,472*"
25-4031,Library Technicians,"1,110",23.11,20.32,16.06,26.63,14.89,18.81,26.84,31.05
29-2061,Licensed Practical and Licensed Vocational Nurses,"8,640",28.05,28.01,22.69,30.73,22.41,24.47,29.84,33.29
19-0000,"Life, Physical, and Social Science Occupations","13,720",37.04,32.01,18.69,46.22,16.82,21.58,46.86,63.37
19-4099,"Life, Physical, and Social Science Technicians, All Other",710,26.27,25.2,14.89,31.96,13.22,17.79,32.51,39.7
33-9092,"Lifeguards, Ski Patrol, and Other Recreational Protective Service Workers","2,520",18.68,17.51,13.19,21.42,12.18,14.19,20.35,27.75
53-3033,Light Truck Drivers,"21,730",22.12,18.95,15.76,25.3,14.25,17.61,23.25,40.53
27-4015,Lighting Technicians,160,28.54,22.83,15.92,34.84,14.75,18.19,32.85,52.17
47-5044,"Loading and Moving Machine Operators, Underground Mining",40,20.29,18.95,18.93,20.97,18.92,18.95,23.29,23.64
43-4131,Loan Interviewers and Clerks,"3,170",24.24,23.81,17.13,27.79,16.27,19.11,29.15,31.71
13-2072,Loan Officers,"5,280",39.96,33.32,19.15,50.37,16.46,23.3,49.21,64.07
39-3093,"Locker Room, Coatroom, and Dressing Room Attendants",460,15.97,15.86,12.94,17.49,12.1,14.03,17.46,19.71
49-9094,Locksmiths and Safe Repairers,350,22.62,22.34,14.98,26.44,13.31,17.92,28.9,34.11
11-9081,Lodging Managers,920,51.72,39.03,25.58,64.79,23.65,29.1,65.29,101.08
13-1081,Logisticians,"2,770",35.62,31.66,22.55,42.16,21.34,24.09,41.55,57.1
53-7063,Machine Feeders and Offbearers,150,18.87,18.44,14.98,20.82,14.61,15.39,23.21,23.35
51-4041,Machinists,"1,510",25.74,24.6,18.62,29.3,17.25,20.77,29.89,34.78
29-2035,Magnetic Resonance Imaging Technologists,750,39.1,39.35,32.66,42.32,32.3,37.11,42.98,45.7
37-2012,Maids and Housekeeping Cleaners,"18,100",15.58,15.01,13.26,16.74,13.06,13.95,16.67,18.28
43-9051,"Mail Clerks and Mail Machine Operators, Except Postal Service","1,110",17.79,17.16,14.22,19.58,14.12,15.1,18.91,22.97
49-9071,"Maintenance and Repair Workers, General","31,010",21.67,19.51,15.8,24.6,14.71,17.74,23.85,29.52
49-9043,"Maintenance Workers, Machinery",540,30.56,27.45,19.12,36.27,18.55,21.47,35.1,55.27
13-1111,Management Analysts,"18,180",46.74,40.13,23.94,58.14,19.53,29.67,57.95,74.5
11-0000,Management Occupations,"181,240",64.68,51.6,28.9,82.57,24.86,35.62,78.37,109.45
11-9199,"Managers, All Other","7,850",65.66,60.96,36.28,80.35,31.42,43.26,81.81,103.54
39-5092,Manicurists and Pedicurists,"1,510",17.6,16.46,12.87,19.97,12.73,13.93,18.39,26.72
17-2121,Marine Engineers and Naval Architects,NR,53.02,59.21,35.18,61.94,28.18,44.01,61.49,73.18
13-1161,Market Research Analysts and Marketing Specialists,"16,530",41.41,36.69,22.74,50.75,20.94,25.59,49,63.73
11-2021,Marketing Managers,"5,250",75.53,65.99,38.15,94.22,32.29,47.82,96.15,NR
21-1013,Marriage and Family Therapists,550,NR,NR,NR,NR,NR,NR,NR,NR
31-9011,Massage Therapists,"2,680",25,24.11,17.17,28.91,15.25,20.53,27.48,36.07
53-7199,"Material Moving Workers, All Other",180,18.33,18.45,15.03,19.98,14.7,15.52,20.22,23.19
17-2131,Materials Engineers,90,47.79,45.88,32.42,55.48,29.26,38.8,58.53,65.78
19-2032,Materials Scientists,10,64.68,68.98,49.56,72.24,49.55,49.55,68.98,85.07
25-1022,"Mathematical Science Teachers, Postsecondary",890,"82,435*","78,063*","51,125*","98,090*","49,553*","60,701*","85,779*","131,340*"
51-3022,"Meat, Poultry, and Fish Cutters and Trimmers",640,19.75,19.5,15.94,21.65,12.9,17.61,21.08,26.33
49-9011,Mechanical Door Repairers,380,27.18,28.47,20.04,30.74,18.3,22.26,30.02,37.75
17-3013,Mechanical Drafters,630,25.74,20.22,17.74,29.75,17.71,17.71,30.04,44.71
17-3027,Mechanical Engineering Technologists and Technicians,240,30.42,31.13,20.88,35.19,18.29,24.88,34.01,40.94
17-2141,Mechanical Engineers,"1,590",50.77,46.48,31.67,60.33,28.64,37.5,64.67,81.32
27-4099,"Media and Communication Equipment Workers, All Other",140,36.88,38.94,17.52,46.56,14.58,20.08,46.02,60.55
27-3099,"Media and Communication Workers, All Other",NR,30.28,29.73,26.51,32.17,25.2,29.73,34.69,34.7
11-9111,Medical and Health Services Managers,"10,570",60.74,52.11,35.3,73.46,32.38,40.68,66.64,99.42
51-9082,Medical Appliance Technicians,170,22.99,21.75,16.39,26.29,16.43,17.12,26.84,31.71
31-9092,Medical Assistants,"15,190",20.11,19.05,16.87,21.73,16.9,17.57,22.22,23.22
29-2036,Medical Dosimetrists,NR,66.39,68.36,50.08,74.54,50.91,54.42,76.45,87.72
31-9093,Medical Equipment Preparers,890,20.54,19.61,16.14,22.73,15.29,17.73,22.52,27.91
49-9062,Medical Equipment Repairers,"1,260",29,24.22,18.08,34.46,18.05,18.59,36.31,47.61
29-2072,Medical Records Specialists,"4,270",24.12,22.2,16.37,27.99,14.92,18.08,28.64,37.23
19-1042,"Medical Scientists, Except Epidemiologists","1,310",54.75,46.44,31.72,66.26,29.76,33.45,67.44,88.05
43-6013,Medical Secretaries and Administrative Assistants,"31,180",19.75,18.4,16.14,21.55,15.11,17.45,22.29,24.2
31-9094,Medical Transcriptionists,780,19.55,17.95,14.5,22.07,13.8,15.62,22.38,26.36
13-1121,"Meeting, Convention, and Event Planners","2,100",33.29,29.13,19,40.44,17.78,22.14,38.86,48.82
21-1023,Mental Health and Substance Abuse Social Workers,"1,890",27.25,25.67,19.46,31.15,18.24,21.72,33.92,34.05
27-1026,Merchandise Displayers and Window Trimmers,"3,180",18.23,17.65,13.95,20.37,13.36,14.65,19.39,23.52
51-4199,"Metal Workers and Plastic Workers, All Other",240,19.67,18.98,16.09,21.47,15.18,17.22,22.32,24.46
43-5041,"Meter Readers, Utilities",220,25.57,24.9,18.16,29.27,17.08,20.26,30.62,37.02
19-1022,Microbiologists,70,30.93,27.67,18.49,37.14,18.69,18.69,42.65,47.98
25-2022,"Middle School Teachers, Except Special and Career/Technical Education","9,670","57,681*","51,740*","48,720*","62,161*","49,547*","51,134*","62,144*","77,334*"
51-4035,"Milling and Planing Machine Setters, Operators, and Tenders, Metal and Plastic",80,20.14,19.04,13.76,23.34,13.67,14.7,22.05,29.26
49-9044,Millwrights,210,27.59,28.13,21.64,30.57,21.74,21.74,32.07,34.38
51-2090,Miscellaneous Assemblers and Fabricators,"11,650",17.91,17.07,13.78,19.97,13.17,14.71,19.38,23.58
47-4090,Miscellaneous Construction and Related Workers,670,23.81,23.83,18.76,26.33,18.16,20.7,24.73,29.38
51-9023,"Mixing and Blending Machine Setters, Operators, and Tenders",950,22.21,22.08,17.13,24.75,16.73,18.34,23.97,29.95
49-3042,"Mobile Heavy Equipment Mechanics, Except Engines","2,220",32.46,30.5,23.59,36.89,22.19,25.92,36.83,40.83
51-9195,"Molders, Shapers, and Casters, Except Metal and Plastic",600,20.33,20.4,15.85,22.57,15.03,16.92,21.84,25.86
51-4072,"Molding, Coremaking, and Casting Machine Setters, Operators, and Tenders, Metal and Plastic",430,21,20.34,16.31,23.34,15.42,17.93,23.59,29.27
39-4031,"Morticians, Undertakers, and Funeral Arrangers",300,29.7,28.61,20.24,34.43,18.42,23.96,37.65,38.14
53-3099,"Motor Vehicle Operators, All Other",800,16.93,14.64,12.77,19.01,12.54,13.37,18.63,25.8
49-3051,Motorboat Mechanics and Service Technicians,"1,350",27.17,25.12,19.91,30.8,18.08,22.39,30.71,37.88
51-4081,"Multiple Machine Tool Setters, Operators, and Tenders, Metal and Plastic",550,19.77,18.56,16.42,21.45,15.46,17.54,21.67,24.5
25-4013,Museum Technicians and Conservators,60,24.54,22.78,17.22,28.2,16.87,18.27,26.99,35
27-2041,Music Directors and Composers,290,53.27,40.19,20.52,69.65,18.99,22.41,60.58,NR
49-9063,Musical Instrument Repairers and Tuners,60,20.37,18.16,14.07,23.52,14.1,14.17,18.16,50.52
27-2042,Musicians and Singers,510,54.64,49.75,24.12,69.9,22.91,27.3,63.87,102.47
11-9121,Natural Sciences Managers,NR,56.4,40.52,27.75,70.72,25.45,32.38,64.16,103.29
15-1244,Network and Computer Systems Administrators,"6,030",47.96,45.38,31.93,55.97,29.77,36.01,56.01,68.78
43-4141,New Accounts Clerks,210,24.08,23.61,18.99,26.63,19.3,19.41,26.63,31.4
27-3023,"News Analysts, Reporters, and Journalists","1,210",NR,NR,NR,NR,NR,NR,NR,NR
17-2161,Nuclear Engineers,120,58.7,57.78,44.83,65.63,39.65,51.07,60.9,72.45
29-2033,Nuclear Medicine Technologists,400,42.05,41.62,35.27,45.45,34.78,38.32,46.12,49.1
29-1151,Nurse Anesthetists,NR,94.74,93.93,67.99,108.12,54.41,88.28,110.55,NR
29-1161,Nurse Midwives,110,40.77,34.75,34.25,44.03,34.75,34.75,34.75,65.47
29-1171,Nurse Practitioners,"7,080",57.97,59.76,41.98,65.97,45.6,47.27,67.29,75.05
31-1131,Nursing Assistants,"22,940",17.93,17.8,15.3,19.25,14.7,16.43,18.91,21.04
25-1072,"Nursing Instructors and Teachers, Postsecondary","1,280","87,739*","83,202*","59,102*","102,058*","51,476*","65,488*","98,927*","121,719*"
19-5011,Occupational Health and Safety Specialists,"1,270",36.62,33.85,21.93,43.96,18.05,25.73,44.67,57.7
19-5012,Occupational Health and Safety Technicians,120,29.32,26.75,21.64,33.15,17.12,26.75,30.42,38.88
29-1122,Occupational Therapists,"2,130",45.68,47.26,35.36,50.84,32.53,40.29,50.09,54.81
31-2011,Occupational Therapy Assistants,"1,130",32.91,33.11,26.73,36.01,25.01,29.73,34.96,39.43
43-0000,Office and Administrative Support Occupations,"393,730",22.33,20.02,15.42,25.79,14.53,17.12,24.87,32.27
43-9199,"Office and Administrative Support Workers, All Other","3,670",22.31,22.09,16.6,25.17,16.25,17.93,24.77,28.82
43-9061,"Office Clerks, General","56,200",21.25,19.47,14.39,24.67,13.1,16,24.3,30.07
43-9071,"Office Machine Operators, Except Computer",640,16.97,17.36,13.29,18.81,11.65,14.68,17.79,20.91
47-2073,Operating Engineers and Other Construction Equipment Operators,"7,410",41.68,27.85,19.88,52.58,18.55,22.49,51.57,86.12
15-2031,Operations Research Analysts,"1,790",39.88,35.54,23.35,48.15,20.73,25.95,47.68,64.88
51-9083,Ophthalmic Laboratory Technicians,310,18.2,17.29,14.57,20.01,14.44,15.01,18.72,22.35
29-2057,Ophthalmic Medical Technicians,"1,670",22.01,22.77,16.28,24.87,15.52,17.8,25.11,28.99
29-2081,"Opticians, Dispensing","1,120",26.71,28.55,18.71,30.71,17.45,21.43,30.88,36.04
29-1041,Optometrists,750,44.18,37.22,21.21,55.66,18.39,25.87,64.23,82.6
43-4151,Order Clerks,"2,610",19.66,19.11,15.67,21.66,14.49,17.37,22.18,24.99
31-1132,Orderlies,920,16.5,16.41,14.9,17.3,14.84,15.87,17.13,18.02
29-1242,"Orthopedic Surgeons, Except Pediatric",NR,NR,NR,188.35,NR,NR,NR,NR,NR
29-2091,Orthotists and Prosthetists,110,38.21,29.81,25.43,44.6,21.32,29.81,44.12,58.86
49-3053,Outdoor Power Equipment and Other Small Engine Mechanics,910,21.63,20.41,16.48,24.21,16.07,17.84,23.97,28.22
51-9111,Packaging and Filling Machine Operators and Tenders,"4,040",17.21,16.64,12.65,19.49,11.81,13.46,19.02,22.8
53-7064,"Packers and Packagers, Hand","10,640",14.03,12.6,11.72,15.18,11.43,12.22,14.81,18.42
47-2141,"Painters, Construction and Maintenance","5,150",19.98,18.7,16.09,21.92,16.05,17.75,21.85,23.97
51-9123,"Painting, Coating, and Decorating Workers",370,21.78,22.58,16.14,24.6,14.74,17.78,26.09,26.09
51-9196,"Paper Goods Machine Setters, Operators, and Tenders",270,20.43,18.65,16.55,22.37,15.22,18.28,23.33,27.83
23-2011,Paralegals and Legal Assistants,"12,420",31.8,30.2,21.65,36.87,19.35,23.84,36.77,45.07
29-2043,Paramedics,930,29.46,24.27,19.84,34.26,19.26,20.7,30.67,47.37
53-6021,Parking Attendants,"7,010",13.78,13.86,11.12,15.11,11,11,14.65,17.16
33-3041,Parking Enforcement Workers,250,23.4,22.1,18.86,25.67,18.29,19.75,25.09,32.54
41-2022,Parts Salespersons,"3,200",19.44,16.79,13.32,22.49,13.23,14.11,23,29.62
53-6061,Passenger Attendants,"1,030",18.13,18.74,16.2,19.1,14.2,18.54,18.79,18.9
47-2071,"Paving, Surfacing, and Tamping Equipment Operators",590,21.74,21.4,18.02,23.6,18.02,19,23.52,24.73
43-3051,Payroll and Timekeeping Clerks,"2,760",25.75,24.36,18.59,29.33,17.88,20.71,29.35,34.13
29-1221,"Pediatricians, General",460,100.59,84.82,71.1,115.34,64.76,82.25,NR,NR
39-0000,Personal Care and Service Occupations,"55,830",18.44,16.04,12.48,21.42,11.5,13.42,20.21,28.54
39-9099,"Personal Care and Service Workers, All Other",NR,15.78,12.77,11,18.17,11,11,17.89,25.81
13-2052,Personal Financial Advisors,"8,190",75.62,48.95,22.71,102.08,18.08,29.47,92.95,NR
37-2021,Pest Control Workers,"2,490",24.41,22.58,18.37,27.43,17.85,19.05,28.45,35.36
37-3012,"Pesticide Handlers, Sprayers, and Applicators, Vegetation","1,360",20.3,20.39,16.12,22.4,15.35,17.75,22.11,26.56
51-8093,"Petroleum Pump System Operators, Refinery Operators, and Gaugers",60,36.78,28.45,25.73,42.31,25.62,26.37,53.08,53.08
29-1051,Pharmacists,"5,680",62.45,64.34,47.31,70.02,35.06,61.92,69.98,76.57
31-9095,Pharmacy Aides,560,16.51,16.12,13.91,17.81,13.84,15.26,16.66,19.94
29-2052,Pharmacy Technicians,"11,190",20.85,19.67,17.17,22.69,17.38,18.11,22.57,26.77
25-1126,"Philosophy and Religion Teachers, Postsecondary",190,"68,943*","57,842*","40,559*","83,136*","37,793*","45,585*","82,043*","105,616*"
31-9097,Phlebotomists,"2,300",19.61,18.75,16.98,20.92,16.75,17.64,21.52,22.2
27-4021,Photographers,"1,220",21.44,17.27,14.03,25.14,13.69,14.99,24,37.52
51-9151,Photographic Process Workers and Processing Machine Operators,80,18.51,16.45,16.04,19.74,16.42,16.42,22.34,22.5
19-2099,"Physical Scientists, All Other",70,54.04,49.84,29.42,66.34,23.99,37.58,63.91,88.22
31-2022,Physical Therapist Aides,260,16.02,16.67,13.62,17.23,13.33,15.12,16.97,18.31
31-2021,Physical Therapist Assistants,"2,660",32.35,30.98,24.98,36.04,24,28.47,35.18,39.79
29-1123,Physical Therapists,"5,430",42.2,45.15,24.08,51.25,13.77,31.66,50.35,57.75
29-1071,Physician Assistants,"2,340",58.08,62.95,37.29,68.48,26.05,49.66,66.07,78.52
29-1229,"Physicians, All Other","7,350",122.34,NR,58.34,NR,36.98,84.11,NR,NR
29-1222,"Physicians, Pathologists",390,123.85,NR,35.68,NR,33.88,33.88,NR,NR
19-2012,Physicists,20,85.84,83.63,43.36,107.09,31.4,49.64,NR,NR
25-1054,"Physics Teachers, Postsecondary",90,"86,440*","62,244*","54,621*","102,350*","51,821*","57,167*","103,985*","180,462*"
47-2072,Pile Driver Operators,120,26.93,28.53,21.27,29.75,18.24,23.38,28.53,28.53
47-2151,Pipelayers,740,22.54,22.26,17.8,24.91,17.04,19.17,24.17,27.36
51-8099,"Plant and System Operators, All Other",140,29.53,25,23.16,32.72,23.97,23.99,35.22,38.56
47-2161,Plasterers and Stucco Masons,570,24.59,23.68,15.98,28.89,14.21,18.12,26.61,40
51-4193,"Plating Machine Setters, Operators, and Tenders, Metal and Plastic",160,21.12,19.21,16.88,23.24,15.03,18.11,23.44,27.92
47-2152,"Plumbers, Pipefitters, and Steamfitters","5,990",26.75,26.14,19.95,30.15,18.76,22.61,30.51,34.1
29-1081,Podiatrists,260,61.33,35.33,33.1,75.45,34.61,34.61,77.41,109.95
33-3051,Police and Sheriff's Patrol Officers,"19,870",47.69,43.06,30.1,56.48,28.21,32.94,53.46,85.41
25-1065,"Political Science Teachers, Postsecondary",140,"89,180*","63,059*","50,957*","108,292*","50,535*","51,993*","96,983*","159,199*"
43-5051,Postal Service Clerks,990,29.06,29.13,22.87,32.15,20.05,25.69,34.54,35.17
43-5052,Postal Service Mail Carriers,"5,880",28.78,28.07,20.98,32.68,19.83,23.11,36.2,36.2
43-5053,"Postal Service Mail Sorters, Processors, and Processing Machine Operators","2,500",26.59,25.69,20.27,29.75,20.05,20.58,34.01,34.54
11-9131,Postmasters and Mail Superintendents,20,53.41,51.16,42.46,58.89,42.05,45.22,62.14,68.83
25-1199,"Postsecondary Teachers, All Other","1,420","74,084*","67,881*","44,442*","88,905*","40,146*","50,968*","83,550*","108,471*"
51-8012,Power Distributors and Dispatchers,60,44.36,47.1,31.12,50.98,28.39,32.05,47.16,61.6
51-8013,Power Plant Operators,320,38.69,36.54,26.46,44.8,24.72,29.09,48.85,55.35
49-9069,"Precision Instrument and Equipment Repairers, All Other",100,28.54,29.83,19.46,33.08,18.02,21,35.9,37.95
51-5111,Prepress Technicians and Workers,250,23.03,22.34,15.68,26.7,15.32,16.05,29.74,31.76
25-2011,"Preschool Teachers, Except Special Education","6,800",16.67,15.27,13.05,18.48,12,14.16,17.98,23.01
51-6021,"Pressers, Textile, Garment, and Related Materials",570,14.61,14.59,12.96,15.44,12,13.68,15.75,16.79
51-5113,Print Binding and Finishing Workers,640,19.58,17.86,14.4,22.17,13.91,14.19,23.39,27.12
51-5112,Printing Press Operators,"2,220",19.71,18.32,14.52,22.3,13.64,15.14,22.44,28.39
33-9021,Private Detectives and Investigators,"1,280",31.77,27.61,18.5,38.4,16.89,20.32,40.99,55.49
21-1092,Probation Officers and Correctional Treatment Specialists,940,24.56,22.2,16.84,28.41,16.09,18.05,27.54,38.97
43-3061,Procurement Clerks,"1,200",24.51,21.58,16.83,28.35,16.16,18,25.11,30.29
27-2012,Producers and Directors,"2,760",40.99,37.29,22.03,50.48,19.74,24.06,48.75,67.12
51-0000,Production Occupations,"77,760",20.68,18.29,13.77,24.13,13.05,14.85,23.35,30.41
51-9199,"Production Workers, All Other","2,140",17.52,15.46,12.78,19.89,11.7,13.82,18.63,24.11
43-5061,"Production, Planning, and Expediting Clerks","6,110",26.04,23.95,17.98,30.06,16.71,19.75,30.49,37.56
13-1082,Project Management Specialists,"17,280",50.91,44,29.95,61.4,27.7,35.15,61.26,79.19
43-9081,Proofreaders and Copy Markers,60,26.39,26.79,14.71,32.23,13.48,15.7,36.58,36.58
13-2020,Property Appraisers and Assessors,"1,810",41.6,32.53,16.88,53.96,12.4,21.64,53.71,83.08
11-9141,"Property, Real Estate, and Community Association Managers",NR,42.27,35.61,21.75,52.54,18.79,25.84,65.38,65.38
33-0000,Protective Service Occupations,"94,870",31.07,21.56,14.74,39.23,14.13,16.2,41.08,59.31
33-9099,"Protective Service Workers, All Other","1,500",24.23,21.87,15.53,28.58,15.25,16.11,29.26,35.15
29-2053,Psychiatric Technicians,"3,990",20.25,18.69,15.12,22.81,14.57,16.4,23.18,27.85
29-1223,Psychiatrists,550,NR,NR,NR,NR,NR,NR,NR,NR
19-3039,"Psychologists, All Other",220,48.08,50.45,23.57,60.33,23.72,28.76,63.33,73.23
25-1066,"Psychology Teachers, Postsecondary",520,"91,713*","84,707*","58,074*","108,533*","61,913*","64,244*","103,296*","132,204*"
11-2032,Public Relations Managers,"1,360",65.83,62.06,37.4,80.05,33.87,43.49,82.77,107.16
27-3031,Public Relations Specialists,"7,200",32.45,29.64,17.36,40,15,19.43,38.1,51.67
43-5031,Public Safety Telecommunicators,"1,960",29.94,25.86,19.27,35.27,17.32,21.81,38.71,42.52
53-7072,"Pump Operators, Except Wellhead Pumpers",170,24.83,26.48,19.88,27.31,19.34,20.44,26.48,30
11-3061,Purchasing Managers,"1,020",70.77,64.79,42.52,84.9,38.93,49.21,86.56,103.62
29-1124,Radiation Therapists,NR,43.44,41.32,39.28,45.52,39.18,41.32,46.57,50.54
49-2021,"Radio, Cellular, and Tower Equipment Installers and Repairers",NR,32.78,30.77,23.38,37.48,23.31,26.6,40.57,42.22
29-2034,Radiologic Technologists and Technicians,"4,230",31.62,31.59,23.25,35.81,22.98,25.87,37.39,39.89
29-1224,Radiologists,250,176.69,NR,82.74,223.67,52.78,112.63,NR,NR
41-9021,Real Estate Brokers,NR,49.52,47.19,20.95,63.8,17.77,22.84,64.9,88.72
41-9022,Real Estate Sales Agents,"10,790",29.65,26.42,16.37,36.29,14.51,18.14,34.06,42.38
43-4171,Receptionists and Information Clerks,"23,320",17.26,16.86,13.38,19.2,13.2,14.25,18.55,22.53
25-1193,"Recreation and Fitness Studies Teachers, Postsecondary",20,"81,361*","66,064*","54,542*","94,770*","51,481*","64,184*","85,318*","144,341*"
39-9032,Recreation Workers,"5,600",18.05,15.92,12.68,20.73,11.91,13.34,19.39,26.45
29-1125,Recreational Therapists,210,29.96,28.41,19.07,35.4,16.38,21.67,36.58,45.73
53-7081,Refuse and Recyclable Material Collectors,"3,040",22.11,22.42,16.46,24.94,16.22,17.86,25.66,29.41
29-1141,Registered Nurses,"56,660",42.17,40.19,32.26,47.12,31.25,36.64,48.01,53.04
21-1015,Rehabilitation Counselors,690,23.68,20.25,16,27.52,15.26,17.1,25.09,35.12
47-2171,Reinforcing Iron and Rebar Workers,220,23.18,22.26,18.9,25.31,19.07,19.07,24.55,31.64
21-2099,"Religious Workers, All Other",280,20.47,18.24,13.36,24.02,13.13,14.26,23.86,30.55
43-4181,Reservation and Transportation Ticket Agents and Travel Clerks,"4,960",21.79,18.51,15.86,24.75,15.17,17.09,24.35,35.88
39-9041,Residential Advisors,680,20.16,19.25,15.03,22.73,14.19,16.37,22.96,28.79
29-1126,Respiratory Therapists,"2,380",35.93,36.73,29.44,39.17,28.55,31.7,38.89,42.26
41-2031,Retail Salespersons,"90,760",17.5,15,12.87,19.82,12.55,13.66,17.82,23.47
49-9096,Riggers,190,25.06,23.06,17.9,28.64,17,18.59,28.56,36.68
51-4023,"Rolling Machine Setters, Operators, and Tenders, Metal and Plastic",80,19.34,18.67,14.74,21.64,14.43,15.43,19.72,29.77
47-2181,Roofers,"4,990",23.45,23.26,16.87,26.74,16.82,18.21,27.48,30.15
53-5011,Sailors and Marine Oilers,670,25.21,19.98,16.46,29.59,15.84,18.6,31.41,37.65
41-0000,Sales and Related Occupations,"306,440",25.89,18.1,13.25,32.22,12.86,14.02,28.8,46.52
41-9099,"Sales and Related Workers, All Other","1,160",21.05,17.8,12.89,25.13,12.04,13.46,23.69,33.31
41-9031,Sales Engineers,630,64.86,52.65,30.77,81.9,27,37.29,78.48,105.32
11-2022,Sales Managers,"9,410",72.04,61.21,35.88,90.12,31.28,42.11,86.33,NR
41-3091,"Sales Representatives of Services, Except Advertising, Insurance, Financial Services, and Travel","31,990",37.11,30.23,20.08,45.63,17.68,23.36,41.93,65.38
41-4012,"Sales Representatives, Wholesale and Manufacturing, Except Technical and Scientific Products","31,070",36.46,29.87,18.09,45.65,16.28,21.52,40.5,61.53
41-4011,"Sales Representatives, Wholesale and Manufacturing, Technical and Scientific Products","5,680",56.33,51.14,25.76,71.62,22.28,30.83,67.16,100.27
51-7041,"Sawing Machine Setters, Operators, and Tenders, Wood",260,18.41,17.7,15.3,19.97,13.63,16.92,19.02,23.18
33-9094,School Bus Monitors,820,15.08,15.23,13.81,15.71,13.75,14.47,15.23,16.43
19-3034,School Psychologists,520,40.57,37.88,29.52,46.09,29.82,29.9,49.33,49.42
25-2031,"Secondary School Teachers, Except Special and Career/Technical Education","11,490","61,037*","57,191*","49,237*","66,937*","50,754*","51,160*","64,935*","78,703*"
43-6014,"Secretaries and Administrative Assistants, Except Legal, Medical, and Executive","28,310",21.76,20.23,15.59,24.84,14.48,17.43,24.27,29.15
41-3031,"Securities, Commodities, and Financial Services Sales Agents","14,010",43.77,29.25,22.13,54.58,22.2,23.56,49.06,85.09
49-2098,Security and Fire Alarm Systems Installers,"2,710",25.32,24.24,17.96,29,17.22,18.25,29.55,33.19
33-9032,Security Guards,"40,830",17.82,16.34,13.62,19.92,13.83,14.22,17.75,21.5
25-3021,Self-Enrichment Teachers,"3,660",23.66,21.83,14.22,28.38,13.71,15.81,27.58,38.24
51-9012,"Separating, Filtering, Clarifying, Precipitating, and Still Machine Setters, Operators, and Tenders",NR,19.83,13.31,12.06,23.71,11.26,13.31,23.98,31.03
47-4071,Septic Tank Servicers and Sewer Pipe Cleaners,270,25.57,22.77,18.97,28.87,18.01,20.02,28.68,39.53
27-1027,Set and Exhibit Designers,40,26.29,23.38,20.71,29.09,18.3,23.28,26.71,46.09
51-6051,"Sewers, Hand",130,16.63,13.43,12.09,18.89,12.3,12.3,21.61,21.88
51-6031,Sewing Machine Operators,"2,570",15.24,14.37,11.71,17,11.45,12.29,17.44,20.16
47-2211,Sheet Metal Workers,"1,540",24.09,23.67,17.98,27.14,17.44,19.14,28.22,31.1
53-5031,Ship Engineers,340,49.1,51.99,34.38,56.47,32.16,38.08,59.57,64.16
43-5071,"Shipping, Receiving, and Inventory Clerks","14,980",19.27,18.04,14.37,21.72,13.74,15.54,21.74,25.99
51-6041,Shoe and Leather Workers and Repairers,140,18.16,18.62,13.62,20.42,12.28,14.54,20.19,23.6
53-3053,Shuttle Drivers and Chauffeurs,"4,530",16.48,14.99,13.46,17.99,13.23,14.42,16.84,19.32
39-5094,Skincare Specialists,"2,880",24.45,21.58,15.96,28.69,14.7,18,25.9,41.04
51-3023,Slaughterers and Meat Packers,110,16.46,17.41,14.12,17.63,12.66,16.68,17.83,18.16
11-9151,Social and Community Service Managers,"2,180",40.46,37.02,24.67,48.35,22.42,29.28,47.5,63.69
21-1093,Social and Human Service Assistants,"5,290",21.57,19.49,15.87,24.42,14.97,17.05,24.03,30.34
19-4061,Social Science Research Assistants,390,29.44,25.21,19.29,34.51,16.42,20.83,31.65,41.27
25-1069,"Social Sciences Teachers, Postsecondary, All Other",200,"65,976*","62,867*","48,084*","74,922*","50,556*","50,642*","77,882*","90,853*"
21-1029,"Social Workers, All Other",860,30.52,24.77,18.24,36.65,17.12,19.27,40.12,51.2
19-3041,Sociologists,30,80.94,80.88,62.97,89.92,62.86,69.47,93.58,102.98
25-1067,"Sociology Teachers, Postsecondary",60,"100,996*","89,617*","60,206*","121,391*","47,235*","68,650*","114,255*","176,328*"
15-1252,Software Developers,"20,320",60.43,62.18,37.05,72.12,33.06,44.6,73.76,86.11
15-1253,Software Quality Assurance Analysts and Testers,"2,580",46.03,44.82,27.75,55.17,25.68,31.77,55.75,67.95
19-1013,Soil and Plant Scientists,NR,49.99,49.98,35.3,57.33,32.95,43.11,64.47,64.47
27-4014,Sound Engineering Technicians,240,33.37,29.43,16.63,41.74,12.32,20.38,41.42,58.31
25-2059,"Special Education Teachers, All Other",580,"50,490*","50,104*","34,893*","58,289*","32,199*","34,629*","52,522*","82,353*"
25-2052,"Special Education Teachers, Kindergarten and Elementary School",NR,"55,418*","51,178*","47,946*","59,154*","50,574*","51,178*","60,148*","63,934*"
25-2057,"Special Education Teachers, Middle School",640,"59,402*","54,239*","49,591*","64,308*","52,110*","52,110*","62,195*","80,246*"
25-2051,"Special Education Teachers, Preschool",330,"56,447*","52,523*","44,641*","62,350*","41,166*","52,099*","61,762*","75,308*"
25-2058,"Special Education Teachers, Secondary School","1,010","60,628*","57,791*","48,647*","66,618*","47,986*","52,171*","73,283*","73,283*"
27-1014,Special Effects Artists and Animators,NR,35.98,32.34,27.19,40.38,27.91,28.84,39.28,48.88
29-1127,Speech-Language Pathologists,"1,810",47.17,48.43,36,52.76,35.1,40.34,50.34,60.64
51-8021,Stationary Engineers and Boiler Operators,60,34.08,34.44,28.24,37,25.29,31.7,37.78,38.23
43-9111,Statistical Assistants,30,22.35,18.64,15.99,25.53,15.76,15.94,34.44,34.55
15-2041,Statisticians,150,41.75,36.89,25.01,50.13,22.06,29.26,54.01,68.65
53-7065,Stockers and Order Fillers,"54,820",17.18,16.79,14.11,18.72,13.82,14.77,18.08,22
47-2221,Structural Iron and Steel Workers,590,26.92,28.19,19.67,30.54,17.99,22.73,29.3,36.88
51-2041,Structural Metal Fabricators and Fitters,470,23.01,22.08,17.09,25.97,15.69,18.15,25.33,30.87
21-1018,"Substance abuse, behavioral disorder, and mental health counselors","6,860",27.46,26.46,19.59,31.4,17.65,22.54,30,38.62
25-3031,"Substitute Teachers, Short-Term","7,140",24.62,27.96,15.72,29.07,14.76,17.48,27.96,27.96
29-9093,Surgical Assistants,330,27.59,23.52,17.1,32.83,16,18.5,35.77,42.63
29-2055,Surgical Technologists,"1,930",29.28,29.24,21.25,33.29,18.65,24.37,32.71,39.48
19-3022,Survey Researchers,70,42,41.15,23.47,51.27,19.12,30.21,55.63,66.37
17-3031,Surveying and Mapping Technicians,850,24.27,22.56,17.46,27.68,17.65,18.22,27.65,36.46
17-1022,Surveyors,710,35.26,29.69,21.34,42.22,20.5,23,47.16,56.19
43-2011,"Switchboard Operators, Including Answering Service","1,140",16.46,15.63,14.01,17.68,14.18,14.38,17.71,19.54
51-6052,"Tailors, Dressmakers, and Custom Sewers",320,17.99,17.96,14.48,19.74,14.48,14.73,18.48,24.57
53-7121,"Tank Car, Truck, and Ship Loaders",660,31.21,31.24,29.18,32.23,30.53,30.86,31.24,31.24
13-2081,"Tax Examiners and Collectors, and Revenue Agents",670,33.46,31.09,15.42,42.48,14.58,16.21,49.26,57.18
13-2082,Tax Preparers,"1,120",24.66,20.9,12.93,30.52,11.47,14.27,31.41,43.56
25-3099,"Teachers and Instructors, All Other","1,180","51,588*","48,146*","29,901*","62,431*","25,518*","32,564*","63,555*","78,864*"
25-9045,"Teaching Assistants, Except Postsecondary","11,220","31,861*","29,784*","25,861*","34,861*","24,132*","28,330*","35,345*","37,679*"
25-9044,"Teaching Assistants, Postsecondary","1,050","41,059*","35,099*","25,020*","49,078*","23,422*","24,917*","51,314*","61,644*"
27-3042,Technical Writers,520,37.76,35.46,25.95,43.67,25.28,28.59,43.31,53.34
49-2022,"Telecommunications Equipment Installers and Repairers, Except Line Installers","4,360",30.26,28.9,20.41,35.19,18.53,23.09,40.16,43.48
49-9052,Telecommunications Line Installers and Repairers,"1,750",29,28.89,20.21,33.4,18.59,23.04,36.39,39.62
41-9041,Telemarketers,"3,250",17.76,17.27,12.38,20.46,11.73,12.91,20.14,25.36
43-2021,Telephone Operators,80,16.99,16.86,15.72,17.62,15.64,16.07,16.86,20.37
43-3071,Tellers,"3,120",19.29,20.47,15.38,21.24,13.79,17.87,20.9,22.9
47-2053,Terrazzo Workers and Finishers,NR,27,24.11,19.22,30.89,16.62,22.25,29.06,33.81
51-6062,"Textile Cutting Machine Setters, Operators, and Tenders",150,17.14,17.39,13.58,18.91,12.59,14.82,19.24,22.27
51-6064,"Textile Winding, Twisting, and Drawing Out Machine Setters, Operators, and Tenders",90,16.95,16.57,15.16,17.85,14.46,16.17,17.71,18.53
51-6099,"Textile, Apparel, and Furnishings Workers, All Other",260,16.62,14.85,13.05,18.4,13.04,13.04,19.87,22.91
29-1129,"Therapists, All Other",210,33.51,26.98,18.47,41.04,18.49,19.61,41.36,66.09
47-2044,Tile and Stone Setters,"1,310",25.64,24.38,19.42,28.75,18.51,21.73,29,36.73
49-3093,Tire Repairers and Changers,"1,200",17.17,16.61,13.45,19.03,13.59,13.81,18.73,21.27
23-2093,"Title Examiners, Abstractors, and Searchers","1,160",27.82,26.17,20.52,31.48,18.38,22.6,28.99,37.96
51-4111,Tool and Die Makers,120,30.65,29.75,22.2,34.87,21.31,24.26,35.69,40.88
51-4194,"Tool Grinders, Filers, and Sharpeners",20,20.06,19.37,17.52,21.33,16.57,18.51,21.33,22.53
39-7010,Tour and travel guides,700,18.45,16.71,13.66,20.85,13.58,14.58,21.06,30.52
53-6041,Traffic Technicians,60,27.86,25.36,21.16,31.21,18.81,24.23,31.39,38.37
11-3131,Training and Development Managers,680,59.7,52.64,36.48,71.32,33.82,40.92,70.59,97.18
13-1151,Training and Development Specialists,"6,640",35.5,33.15,20.38,43.06,18.26,23.73,43.96,53.93
53-0000,Transportation and Material Moving Occupations,"239,610",24.02,18.08,14.05,29,13.31,15.19,23.5,36.33
53-6051,Transportation Inspectors,790,43.1,40.91,25.19,52.06,21.41,31.06,53.68,66.15
33-9093,Transportation Security Screeners,"2,850",22.81,22.98,19.32,24.56,18.97,19.8,24.61,26.8
53-6099,"Transportation Workers, All Other",100,21.97,18.3,14.25,25.82,13.35,15.39,25.67,38.91
11-3071,"Transportation, Storage, and Distribution Managers","2,890",53.15,46.81,27.82,65.82,23.83,33.64,65.09,89.92
41-3041,Travel Agents,"4,070",24.24,22.92,16.23,28.24,15.01,18.66,29.57,32.63
37-3013,Tree Trimmers and Pruners,410,23.56,23.88,18.74,25.98,18.16,19.58,24.84,27.72
25-3041,Tutors,"4,720",24.55,20.08,13.29,30.18,11.96,14.23,37.99,38.67
27-2023,"Umpires, Referees, and Other Sports Officials",160,"54,442*","44,324*","28,532*","67,398*","27,006*","28,866*","46,908*","99,133*"
51-6093,Upholsterers,370,19.36,18.46,14.66,21.71,13.57,16.48,21.89,26.34
19-3051,Urban and Regional Planners,620,43.03,40,28.86,50.11,27.77,31.77,48.75,63.24
39-3031,"Ushers, Lobby Attendants, and Ticket Takers","1,920",14.78,14.16,12.53,15.91,12.17,13.03,14.88,17.2
29-1131,Veterinarians,"1,140",72.01,64.23,38.53,88.75,38.1,48.4,84.64,99.52
31-9096,Veterinary Assistants and Laboratory Animal Caretakers,"1,950",18.09,17.93,14.54,19.86,13.9,15.02,20.86,21.3
29-2056,Veterinary Technologists and Technicians,"2,090",20.9,20.97,16.29,23.21,15.09,17.97,23.56,27.35
35-3031,Waiters and Waitresses,"54,080",17.96,14.5,11.47,21.21,11.1,11.65,19.33,29.06
51-8031,Water and Wastewater Treatment Plant and System Operators,"1,640",32.59,29.4,22,37.88,20.7,23.97,36.36,44.93
15-1255,Web and Digital Interface Designers,"1,550",43.94,38.67,24.27,53.78,22.75,26.13,56.25,79.74
15-1254,Web Developers,NR,42.41,38.47,28.5,49.36,24.94,32.57,47.52,60.66
43-5111,"Weighers, Measurers, Checkers, and Samplers, Recordkeeping",710,20.21,20.17,16.03,22.31,14.83,17.33,21.75,25.19
51-4121,"Welders, Cutters, Solderers, and Brazers","3,190",24.38,23.2,17.29,27.93,16.46,18.93,28.71,33.27
51-4122,"Welding, Soldering, and Brazing Machine Setters, Operators, and Tenders",130,20.47,18.17,16.46,22.48,16.64,17.29,22.69,29.09
51-7099,"Woodworkers, All Other",200,16.45,16.21,13.92,17.71,13.92,13.92,18.21,21.65
51-7042,"Woodworking Machine Setters, Operators, and Tenders, Except Sawing",410,18.64,17.03,14.25,20.83,13.97,14.74,21.82,26.75
43-9022,Word Processors and Typists,360,19.83,18.15,13.67,22.91,13.16,14.81,23.17,31.41
27-3043,Writers and Authors,830,30.4,28.15,18.15,36.53,17.4,21.09,36.52,47.35
19-1023,Zoologists and Wildlife Biologists,200,32.88,24.55,16.74,40.95,16.73,18.02,43.77,55.74
,,,,,,,,,,
,,,,,,,,,,
,,,,,,,,,,
,* Indicates annual wages.,,,,,,,,,
,"** Entry Wage: this is the wage an entry-level worker might expect 
to make. It is defined as the average (mean) wage earned by the 
lowest third of all workers in a given occupation.",,,,,,,,,
,"*** Experienced Wage: this wage represents what an experienced 
worker might expect to make. It is defined as the average (mean) 
wage earned by the upper two-thirds of all workers in a given 
occupation.",,,,,,,,,
,2023 wages based on survey,,,,,,,,,
,NR: not releasable,,,,,,,,,
,"Florida Department of Commerce, Bureau of Workforce 
Statistics and Economic Research",,,,,,,,,
,"^Percentile wages are a generalized form of median wage.  It is an 
estimate of what the nth percentile of the population makes working in the 
indicated occupation, industry, and area.",,,,,,,,,
,10th percentile - 10 percent of the population make less than this wage and 90 percent make more.,,,,,,,,,
,25th percentile – 25 percent of the population make less than this wage and 75 percent make more.,,,,,,,,,
,75th percentile – 75 percent of the population make less than this wage and 25 percent make more.,,,,,,,,,
,90th percentile – 90 percent of the population make less than this wage and 10 percent make more.,,,,,,,,,
,,,,,,,,,,
,,,,,,,,,,
,,,,,,,,,,
,,,,,,,,,,
,,,,,,,,,,
,,,,,,,,,,
,,,,,,,,,,
,,,,,,,,,,
,,,,,,,,,,
,,,,,,,,,,
,,,,,,,,,,
,,,,,,,,,,
,,,,,,,,,,
,,,,,,,,,,
,,,,,,,,,,
,,,,,,,,,,
,,,,,,,,,,
,,,,,,,,,,
,,,,,,,,,,
,,,,,,,,,,
,,,,,,,,,,
,,,,,,,,,,
,,,,,,,,,,
,,,,,,,,,,
,,,,,,,,,,
,,,,,,,,,,
,,,,,,,,,,
,,,,,,,,,,
,,,,,,,,,,
,,,,,,,,,,
,,,,,,,,,,
,,,,,,,,,,
,,,,,,,,,,
,,,,,,,,,,
,,,,,,,,,,
,,,,,,,,,,
,,,,,,,,,,
,,,,,,,,,,
,,,,,,,,,,
,,,,,,,,,,
,,,,,,,,,,
,,,,,,,,,,
,,,,,,,,,,
,,,,,,,,,,
,,,,,,,,,,
,,,,,,,,,,
,,,,,,,,,,
,,,,,,,,,,
,,,,,,,,,,
,,,,,,,,,,
,,,,,,,,,,
,,,,,,,,,,
,,,,,,,,,,
,,,,,,,,,,
,,,,,,,,,,
,,,,,,,,,,
,,,,,,,,,,
,,,,,,,,,,
,,,,,,,,,,
,,,,,,,,,,
,,,,,,,,,,
,,,,,,,,,,
,,,,,,,,,,
,,,,,,,,,,
,,,,,,,,,,
,,,,,,,,,,
,,,,,,,,,,
,,,,,,,,,,
,,,,,,,,,,
,,,,,,,,,,
,,,,,,,,,,
,,,,,,,,,,
,,,,,,,,,,
,,,,,,,,,,
,,,,,,,,,,
,,,,,,,,,,
,,,,,,,,,,
,,,,,,,,,,
,,,,,,,,,,
,,,,,,,,,,
,,,,,,,,,,
,,,,,,,,,,
,,,,,,,,,,
,,,,,,,,,,
,,,,,,,,,,
,,,,,,,,,,
,,,,,,,,,,
,,,,,,,,,,
,,,,,,,,,,
,,,,,,,,,,
,,,,,,,,,,
,,,,,,,,,,
,,,,,,,,,,
,,,,,,,,,,
,,,,,,,,,,
,,,,,,,,,,
,,,,,,,,,,
,,,,,,,,,,
,,,,,,,,,,
,,,,,,,,,,
,,,,,,,,,,
,,,,,,,,,,
,,,,,,,,,,
,,,,,,,,,,
,,,,,,,,,,
,,,,,,,,,,
,,,,,,,,,,
,,,,,,,,,,
,,,,,,,,,,
,,,,,,,,,,
,,,,,,,,,,
,,,,,,,,,,
,,,,,,,,,,
,,,,,,,,,,
,,,,,,,,,,
,,,,,,,,,,
,,,,,,,,,,
,,,,,,,,,,
,,,,,,,,,,
,,,,,,,,,,
,,,,,,,,,,
,,,,,,,,,,
,,,,,,,,,,
,,,,,,,,,,
,,,,,,,,,,
,,,,,,,,,,
,,,,,,,,,,
,,,,,,,,,,
,,,,,,,,,,
,,,,,,,,,,
,,,,,,,,,,
,,,,,,,,,,
,,,,,,,,,,
,,,,,,,,,,
,,,,,,,,,,
,,,,,,,,,,
,,,,,,,,,,
,,,,,,,,,,
,,,,,,,,,,
,,,,,,,,,,
,,,,,,,,,,
,,,,,,,,,,
,,,,,,,,,,
,,,,,,,,,,
,,,,,,,,,,
,,,,,,,,,,
,,,,,,,,,,
,,,,,,,,,,
,,,,,,,,,,
,,,,,,,,,,
,,,,,,,,,,
,,,,,,,,,,
,,,,,,,,,,
,,,,,,,,,,
,,,,,,,,,,
,,,,,,,,,,
,,,,,,,,,,
,,,,,,,,,,
,,,,,,,,,,
,,,,,,,,,,
,,,,,,,,,,
,,,,,,,,,,
,,,,,,,,,,
,,,,,,,,,,
,,,,,,,,,,
,,,,,,,,,,
,,,,,,,,,,
,,,,,,,,,,
,,,,,,,,,,
,,,,,,,,,,
,,,,,,,,,,
,,,,,,,,,,
,,,,,,,,,,
,,,,,,,,,,
,,,,,,,,,,
,,,,,,,,,,
,,,,,,,,,,
,,,,,,,,,,
,,,,,,,,,,
,,,,,,,,,,
,,,,,,,,,,
,,,,,,,,,,
,,,,,,,,,,
,,,,,,,,,,
,,,,,,,,,,
,,,,,,,,,,
,,,,,,,,,,
,,,,,,,,,,
,,,,,,,,,,
,,,,,,,,,,
,,,,,,,,,,
,,,,,,,,,,
,,,,,,,,,,
,,,,,,,,,,
,,,,,,,,,,
,,,,,,,,,,
,,,,,,,,,,
,,,,,,,,,,
,,,,,,,,,,
,,,,,,,,,,
,,,,,,,,,,
,,,,,,,,,,
,,,,,,,,,,
,,,,,,,,,,
,,,,,,,,,,
,,,,,,,,,,
,,,,,,,,,,
,,,,,,,,,,
,,,,,,,,,,
,,,,,,,,,,
,,,,,,,,,,
,,,,,,,,,,
,,,,,,,,,,
,,,,,,,,,,
,,,,,,,,,,
,,,,,,,,,,
,,,,,,,,,,
,,,,,,,,,,
,,,,,,,,,,
,,,,,,,,,,
,,,,,,,,,,
,,,,,,,,,,
,,,,,,,,,,
,,,,,,,,,,
,,,,,,,,,,
,,,,,,,,,,
,,,,,,,,,,
,,,,,,,,,,
,,,,,,,,,,
,,,,,,,,,,
,,,,,,,,,,
,,,,,,,,,,
,,,,,,,,,,
,,,,,,,,,,
,,,,,,,,,,
,,,,,,,,,,
,,,,,,,,,,
,,,,,,,,,,
,,,,,,,,,,
,,,,,,,,,,
,,,,,,,,,,
,,,,,,,,,,
,,,,,,,,,,
,,,,,,,,,,
,,,,,,,,,,
,,,,,,,,,,
,,,,,,,,,,
,,,,,,,,,,
,,,,,,,,,,
